ID_PERSONA;ACTIVO_TOTAL;CAJA_BANCOS;CAPITAL;DOCS_X_COBRAR;COSTO_VTAS;DEUDORES_DIV;PAS_CIRCULANTE;PAS_LARGO_PLAZO;VTAS_NETAS_TOTALES;ANIOS_FUNCIONA;SECTOR_AIS;MORA
CLPR001;24358000;450000.0;11999000.0;944000.0;30884000;450000;12294000;65000.0;40246000.0;0.0;3.0;0.0
CLPR002;46230000;178000.0;4432000.0;3394000.0;22365000;1353000;27025000;14773000.0;23287000.0;11.0;6.0;0.0
CLPR003;20141000;201000.0;15174000.0;5223000.0;66000;2000;760000;4207000.0;24128000.0;12.0;4.0;0.0
CLPR004;27986000;1012000.0;15940000.0;11021000.0;58401000;49000;11825000;221000.0;65948000.0;8.0;4.0;0.0
CLPR005;14714000;830000.0;7773000.0;6026000.0;63847000;48000;4983000;1958000.0;67094000.0;1.0;5.0;0.0
CLPR006;5878000;414000.0;2180000.0;662000.0;42207000;494000;3496000;202000.0;44852000.0;8.0;3.0;0.0
CLPR007;34575000;10499000.0;13654000.0;14304000.0;0;1372000;18599000;2322000.0;79721000.0;11.0;6.0;0.0
CLPR008;7386000;397000.0;6681000.0;997000.0;51857000;250000;705000;0.0;56313000.0;3.0;2.0;0.0
CLPR009;4384000;32000.0;1029000.0;;35306000;214000;3355000;0.0;35691000.0;12.0;6.0;0.0
CLPR010;23502000;747000.0;4476000.0;;10543000;11000;14978000;4048000.0;16081000.0;0.0;4.0;0.0
CLPR011;27918000;4593000.0;18449000.0;2483000.0;74613000;1759000;7469000;2000000.0;84067000.0;2.0;6.0;0.0
CLPR012;36417000;1609000.0;18488000.0;328000.0;11542000;1006000;4579000;13350000.0;13278000.0;5.0;4.0;0.0
CLPR013;22121000;494000.0;18993000.0;3985000.0;20928000;3242000;3128000;;;;;
CLPR014;755414000;36000.0;631286000.0;;37801000;0;98605000;25523000.0;66055000.0;5.0;1.0;1.0
CLPR015;45169000;270000.0;23402000.0;17456000.0;54784000;1261000;13067000;8700000.0;66590000.0;5.0;6.0;0.0
CLPR016;46840000;4563000.0;36288000.0;357000.0;34561000;11000;10552000;0.0;72333000.0;5.0;6.0;0.0
CLPR017;79112000;332000.0;24136000.0;800000.0;0;118000;30934000;24042000.0;50801000.0;8.0;3.0;0.0
CLPR018;21327000;826000.0;13981000.0;5970000.0;0;1304000;5136000;2210000.0;39235000.0;2.0;6.0;0.0
CLPR019;46632000;191000.0;33486000.0;10930000.0;55573000;0;11757000;1389000.0;62244000.0;3.0;6.0;0.0
CLPR020;18814000;13000.0;10719000.0;23000.0;10111000;23000;5706000;2389000.0;9203000.0;8.0;2.0;0.0
CLPR021;102493000;0.0;60364000.0;3936000.0;19862000;0;8301000;33828000.0;63880000.0;1.0;6.0;0.0
CLPR022;8733000;217000.0;6710000.0;486000.0;5917000;1641000;2023000;0.0;10666000.0;9.0;1.0;0.0
CLPR023;8461000;2346000.0;4390000.0;2304000.0;17243000;26000;4071000;0.0;26311000.0;8.0;3.0;0.0
CLPR024;19961000;0.0;1435000.0;;4525000;0;5330000;13196000.0;8819000.0;6.0;5.0;0.0
CLPR025;41875000;454000.0;28894000.0;19140000.0;46727000;38000;11524000;1457000.0;68850000.0;5.0;6.0;0.0
CLPR026;24844000;465000.0;12865000.0;2615000.0;11147000;4553000;11979000;0.0;33670000.0;12.0;3.0;0.0
CLPR027;58786000;288000.0;31010000.0;13507000.0;58496000;0;9378000;18398000.0;64597000.0;11.0;1.0;0.0
CLPR028;14863000;221000.0;11847000.0;;14017000;1173000;3016000;0.0;18720000.0;10.0;1.0;0.0
CLPR029;6984000;1225000.0;6664000.0;;16594000;0;320000;0.0;23705000.0;7.0;3.0;0.0
CLPR030;71364000;27000.0;66336000.0;1508000.0;0;8640000;2015000;3013000.0;15097000.0;1.0;2.0;1.0
CLPR031;45134000;703000.0;36130000.0;805000.0;10965000;0;5012000;3992000.0;15363000.0;10.0;4.0;0.0
CLPR032;3605000;148000.0;1446000.0;150000.0;858000;9000;2159000;0.0;880000.0;5.0;5.0;0.0
CLPR033;27479000;393000.0;19950000.0;19754000.0;28572000;398000;7529000;0.0;38628000.0;0.0;4.0;0.0
CLPR034;103490000;252000.0;52218000.0;4813000.0;15696000;7936000;28782000;22490000.0;22308000.0;2.0;1.0;1.0
CLPR035;29235000;193000.0;9390000.0;1786000.0;30869000;31000;19402000;443000.0;47763000.0;4.0;1.0;0.0
CLPR036;59030000;41000.0;43176000.0;;4065000;3000;8854000;7000000.0;3417000.0;8.0;2.0;0.0
CLPR037;18240000;148000.0;16555000.0;1619000.0;20371000;0;1685000;0.0;26804000.0;1.0;3.0;0.0
CLPR038;7472000;2551000.0;2262000.0;;4000;0;5210000;0.0;21266000.0;4.0;6.0;0.0
CLPR039;23055000;58000.0;19820000.0;699000.0;45474000;358000;2116000;1119000.0;47773000.0;5.0;3.0;0.0
CLPR040;22006000;436000.0;9556000.0;236000.0;8122000;500000;9200000;3250000.0;13705000.0;6.0;1.0;0.0
CLPR041;8193000;65000.0;1997000.0;1044000.0;29986000;0;6196000;0.0;32631000.0;10.0;5.0;0.0
CLPR042;68442000;1000.0;66908000.0;;925000;0;0;1534000.0;3559000.0;9.0;5.0;0.0
CLPR043;42625000;3896000.0;37541000.0;4189000.0;17136000;874000;5084000;0.0;28229000.0;12.0;6.0;0.0
CLPR044;30471000;38000.0;7732000.0;8720000.0;43849000;1397000;19662000;3077000.0;56047000.0;0.0;2.0;0.0
CLPR045;16069000;72000.0;13807000.0;884000.0;3567000;0;2262000;0.0;5717000.0;0.0;2.0;0.0
CLPR046;14047000;5212000.0;12867000.0;1892000.0;42555000;0;1180000;0.0;46702000.0;0.0;3.0;0.0
CLPR047;16890000;163000.0;13260000.0;212000.0;153000;1122000;1650000;1980000.0;7028000.0;11.0;5.0;0.0
CLPR048;83483000;7257000.0;68102000.0;28733000.0;48586000;3235000;15381000;0.0;80517000.0;1.0;2.0;0.0
CLPR049;24890000;2679000.0;7503000.0;12353000.0;54718000;1376000;17387000;0.0;67006000.0;0.0;4.0;0.0
CLPR050;24891000;319000.0;7442000.0;12573000.0;47399000;125000;17449000;0.0;63189000.0;2.0;3.0;0.0
CLPR051;90838000;1720000.0;34244000.0;823000.0;51298000;76000;46305000;10289000.0;72698000.0;9.0;4.0;0.0
CLPR052;54761000;1029000.0;43239000.0;5174000.0;64185000;0;8750000;2772000.0;86736000.0;10.0;1.0;0.0
CLPR053;44955000;319000.0;35147000.0;;0;48000;9808000;0.0;40485000.0;10.0;4.0;1.0
CLPR054;27685000;1060000.0;21694000.0;36000.0;0;0;1086000;4905000.0;6154000.0;9.0;4.0;0.0
CLPR055;28798000;1117000.0;4828000.0;8492000.0;32134000;39000;23970000;0.0;47322000.0;1.0;2.0;0.0
CLPR056;46998000;1592000.0;14365000.0;10342000.0;6634000;3218000;32633000;0.0;18917000.0;3.0;5.0;1.0
CLPR057;62889000;2839000.0;56682000.0;25613000.0;54379000;3985000;6207000;0.0;76849000.0;2.0;4.0;0.0
CLPR058;193084000;44000.0;188159000.0;;550000;0;4925000;0.0;1205000.0;4.0;6.0;1.0
CLPR059;41760000;162000.0;19541000.0;5028000.0;77395000;0;22219000;0.0;85386000.0;3.0;6.0;0.0
CLPR060;181503000;120000.0;36388000.0;;0;8405000;145115000;0.0;14562000.0;1.0;4.0;1.0
CLPR061;10702000;876000.0;3553000.0;4148000.0;13449000;78000;7149000;0.0;19183000.0;6.0;4.0;0.0
CLPR062;15662000;553000.0;12300000.0;4150000.0;6910000;149000;1674000;1688000.0;13281000.0;0.0;1.0;1.0
CLPR063;111581000;2375000.0;86196000.0;12000.0;22979000;1000000;13492000;11893000.0;54661000.0;8.0;1.0;0.0
CLPR064;24493000;1105000.0;21155000.0;4808000.0;2854000;291000;1819000;1519000.0;6230000.0;6.0;3.0;1.0
CLPR065;41257000;1150000.0;37559000.0;15543000.0;44230000;2500000;3698000;0.0;65526000.0;6.0;3.0;0.0
CLPR066;46539000;16000.0;38398000.0;20425000.0;0;273000;8141000;0.0;14985000.0;7.0;4.0;1.0
CLPR067;15314000;331000.0;4343000.0;5294000.0;8179000;339000;10971000;0.0;15138000.0;10.0;4.0;0.0
CLPR068;14047000;5212000.0;12867000.0;1892000.0;42555000;0;1180000;0.0;46702000.0;7.0;6.0;0.0
CLPR069;33295000;1030000.0;18744000.0;15634000.0;76272000;6214000;7884000;6667000.0;86004000.0;5.0;6.0;0.0
CLPR070;8532000;598000.0;5933000.0;6394000.0;1995000;0;2599000;0.0;2688000.0;9.0;1.0;1.0
CLPR071;85939000;451000.0;34694000.0;45805000.0;57157000;228000;31916000;19329000.0;89086000.0;9.0;4.0;0.0
CLPR072;16197000;738000.0;6139000.0;12392000.0;31588000;0;10058000;0.0;44228000.0;5.0;4.0;0.0
CLPR073;16007000;424000.0;10028000.0;7275000.0;23714000;21000;5812000;167000.0;34208000.0;9.0;5.0;0.0
CLPR074;25476000;6532000.0;16667000.0;60000.0;19272000;524000;6293000;2516000.0;28756000.0;2.0;1.0;0.0
CLPR075;107893000;322000.0;107770000.0;;0;0;123000;0.0;9196000.0;3.0;3.0;1.0
CLPR076;4336000;338000.0;43000.0;16000.0;4017000;0;4293000;0.0;5707000.0;11.0;1.0;0.0
CLPR077;8364000;411000.0;3502000.0;;25349000;171000;4862000;0.0;29742000.0;12.0;5.0;0.0
CLPR078;90794000;980000.0;90506000.0;1046000.0;18980000;0;288000;0.0;30717000.0;9.0;6.0;0.0
CLPR079;10185000;245000.0;6008000.0;833000.0;28450000;1165000;4177000;0.0;34712000.0;10.0;6.0;0.0
CLPR080;8461000;2346000.0;4390000.0;2304000.0;17243000;26000;4071000;0.0;26311000.0;0.0;6.0;0.0
CLPR081;8262000;374000.0;2384000.0;445000.0;36249000;17000;5878000;0.0;39431000.0;10.0;1.0;0.0
CLPR082;61925000;1346000.0;-2910000.0;22595000.0;25992000;12330000;46474000;18361000.0;46990000.0;1.0;2.0;0.0
CLPR083;18015000;2278000.0;8217000.0;3017000.0;30230000;0;8351000;1447000.0;33366000.0;12.0;4.0;0.0
CLPR084;6498000;87000.0;4854000.0;2450000.0;15543000;0;1644000;0.0;18503000.0;0.0;1.0;0.0
CLPR085;6498000;87000.0;4854000.0;2450000.0;15543000;0;1644000;0.0;18503000.0;1.0;1.0;0.0
CLPR086;8598000;134000.0;4738000.0;200000.0;0;0;87000;3773000.0;2607000.0;1.0;1.0;0.0
CLPR087;55013000;142000.0;30747000.0;3164000.0;42482000;4077000;21331000;2935000.0;51789000.0;9.0;3.0;0.0
CLPR088;19644000;117000.0;16207000.0;806000.0;67329000;1665000;3437000;0.0;72012000.0;6.0;4.0;0.0
CLPR089;63864000;264000.0;58980000.0;16554000.0;53096000;0;4884000;0.0;65862000.0;10.0;2.0;0.0
CLPR090;15233000;333000.0;2381000.0;4549000.0;19849000;0;12852000;0.0;24386000.0;1.0;1.0;0.0
CLPR091;11396000;-62000.0;3572000.0;1305000.0;0;21000;7824000;0.0;30420000.0;1.0;6.0;0.0
CLPR092;13963000;254000.0;10657000.0;139000.0;29465000;0;1325000;1981000.0;33920000.0;5.0;4.0;0.0
CLPR093;19835000;252000.0;-1588000.0;4439000.0;6081000;166000;21423000;0.0;37924000.0;10.0;4.0;0.0
CLPR094;58786000;288000.0;31010000.0;13507000.0;58496000;0;9378000;18398000.0;64597000.0;3.0;3.0;0.0
CLPR095;16141000;211000.0;6288000.0;899000.0;0;3500000;9853000;0.0;18905000.0;10.0;6.0;0.0
CLPR096;70519000;1244000.0;60009000.0;326000.0;15200000;0;1035000;9475000.0;29289000.0;4.0;3.0;0.0
CLPR097;83547000;302000.0;63097000.0;15691000.0;29899000;417000;14505000;5945000.0;45302000.0;3.0;4.0;0.0
CLPR098;44305000;4082000.0;35267000.0;2774000.0;9350000;65000;10731000;-1693000.0;37267000.0;2.0;2.0;0.0
CLPR099;30921000;273000.0;27611000.0;;13198000;0;1762000;1548000.0;21287000.0;2.0;5.0;0.0
CLPR100;32663000;612000.0;27408000.0;;14216000;0;5255000;0.0;20360000.0;9.0;6.0;0.0
CLPR101;89809000;-2380000.0;21025000.0;55666000.0;75007000;0;65072000;3712000.0;88621000.0;6.0;2.0;1.0
CLPR102;29517000;371000.0;15172000.0;5893000.0;36438000;0;7819000;6526000.0;52873000.0;12.0;6.0;0.0
CLPR103;71130000;329000.0;31227000.0;6887000.0;56896000;16000;28308000;11595000.0;67768000.0;7.0;4.0;0.0
CLPR104;24370000;236000.0;3299000.0;999000.0;16230000;50000;11188000;9883000.0;41214000.0;0.0;4.0;0.0
CLPR105;54678000;497000.0;35893000.0;15957000.0;25165000;393000;18785000;0.0;35292000.0;9.0;2.0;0.0
CLPR106;26741000;2813000.0;15203000.0;8574000.0;37124000;59000;11538000;0.0;53494000.0;4.0;1.0;0.0
CLPR107;61840000;1932000.0;29568000.0;31848000.0;49637000;476000;32272000;0.0;88921000.0;4.0;5.0;1.0
CLPR108;7997000;203000.0;2961000.0;;6807000;0;5036000;0.0;9820000.0;8.0;6.0;0.0
CLPR109;85265000;318000.0;77593000.0;750000.0;0;391000;1992000;5680000.0;18589000.0;7.0;6.0;0.0
CLPR110;60105000;744000.0;41724000.0;767000.0;49413000;347000;10667000;7714000.0;77527000.0;5.0;3.0;0.0
CLPR111;115969000;21126000.0;45497000.0;10489000.0;90930000;180000;70472000;0.0;86087000.0;8.0;5.0;0.0
CLPR112;19928000;1641000.0;12083000.0;8911000.0;42500000;0;6362000;1483000.0;47740000.0;4.0;4.0;0.0
CLPR113;76719000;7008000.0;28363000.0;28163000.0;49629000;1487000;48356000;0.0;77334000.0;12.0;6.0;0.0
CLPR114;13118000;374000.0;10269000.0;4475000.0;75584000;149000;2849000;0.0;83873000.0;9.0;2.0;0.0
CLPR115;8406000;223000.0;729000.0;326000.0;4448000;0;6455000;1222000.0;7064000.0;2.0;3.0;0.0
CLPR116;21434000;230000.0;19401000.0;;0;0;816000;1217000.0;4460000.0;9.0;5.0;0.0
CLPR117;33219000;3338000.0;30917000.0;1516000.0;0;0;2302000;0.0;28298000.0;7.0;3.0;1.0
CLPR118;30422000;630000.0;11899000.0;7525000.0;26817000;3095000;18523000;0.0;46267000.0;8.0;1.0;0.0
CLPR119;27560000;116000.0;20772000.0;1793000.0;18791000;1467000;1055000;5733000.0;24770000.0;10.0;3.0;0.0
CLPR120;18439000;1000.0;13982000.0;3198000.0;15906000;422000;4457000;0.0;22321000.0;11.0;4.0;0.0
CLPR121;39686000;-625000.0;21579000.0;23994000.0;14465000;36000;16793000;1314000.0;42770000.0;6.0;3.0;1.0
CLPR122;72150000;19000.0;18023000.0;20521000.0;6886000;47000;38558000;15569000.0;14427000.0;3.0;3.0;1.0
CLPR123;33146000;230000.0;28128000.0;;15111000;0;3470000;1548000.0;21587000.0;10.0;4.0;0.0
CLPR124;30422000;630000.0;11899000.0;7525000.0;26817000;3095000;18523000;0.0;46267000.0;5.0;5.0;0.0
CLPR125;35863000;880000.0;13012000.0;4439000.0;2386000;402000;13364000;9487000.0;13590000.0;1.0;3.0;0.0
CLPR126;60845000;896000.0;41278000.0;6810000.0;24216000;3465000;14323000;5244000.0;32415000.0;1.0;5.0;1.0
CLPR127;2448000;299000.0;2004000.0;;573000;884000;444000;0.0;3212000.0;4.0;6.0;0.0
CLPR128;24358000;450000.0;11999000.0;944000.0;30884000;450000;12294000;65000.0;40246000.0;0.0;6.0;0.0
CLPR129;61648000;1943000.0;41047000.0;;10380000;0;9510000;11091000.0;30845000.0;11.0;6.0;0.0
CLPR130;14753000;402000.0;12418000.0;7398000.0;50111000;1142000;1018000;1317000.0;64236000.0;9.0;6.0;0.0
CLPR131;29098000;47000.0;28684000.0;3363000.0;30677000;709000;414000;0.0;58425000.0;5.0;4.0;0.0
CLPR132;4486000;200000.0;3853000.0;472000.0;65125000;0;633000;0.0;75352000.0;12.0;6.0;0.0
CLPR133;130414000;1311000.0;110505000.0;457000.0;2710000;316000;19909000;0.0;82535000.0;10.0;4.0;1.0
CLPR134;26839000;766000.0;4671000.0;11460000.0;39865000;106000;20189000;1979000.0;57019000.0;7.0;4.0;0.0
CLPR135;28326000;1164000.0;15261000.0;65000.0;22153000;321000;13065000;0.0;29094000.0;7.0;2.0;0.0
CLPR136;108347000;1345000.0;96833000.0;8090000.0;23027000;87000;11514000;0.0;34039000.0;7.0;1.0;0.0
CLPR137;31811000;440000.0;7434000.0;8465000.0;17905000;1750000;22973000;1404000.0;20278000.0;0.0;2.0;0.0
CLPR138;29439000;97000.0;28490000.0;3880000.0;0;1203000;949000;0.0;24522000.0;4.0;6.0;0.0
CLPR139;76712000;612000.0;47879000.0;42041000.0;28786000;3145000;28833000;0.0;62599000.0;1.0;1.0;0.0
CLPR140;25752000;1606000.0;18883000.0;16148000.0;21713000;13000;6869000;0.0;32578000.0;4.0;4.0;0.0
CLPR141;2857000;21000.0;1458000.0;;0;0;733000;666000.0;1063000.0;9.0;4.0;0.0
CLPR142;9707000;683000.0;6912000.0;1317000.0;54950000;2288000;2795000;0.0;60082000.0;0.0;2.0;0.0
CLPR143;12409000;358000.0;-770000.0;6315000.0;20078000;51000;13179000;0.0;21935000.0;7.0;4.0;0.0
CLPR144;15656000;1672000.0;9591000.0;3837000.0;17684000;850000;3597000;2468000.0;20878000.0;5.0;1.0;0.0
CLPR145;497576000;2186000.0;259689000.0;22362000.0;0;0;20018000;217869000.0;59800000.0;2.0;4.0;0.0
CLPR146;248153000;1558000.0;169403000.0;1598000.0;0;21778000;61505000;17245000.0;53903000.0;9.0;5.0;0.0
CLPR147;38693000;1259000.0;32910000.0;788000.0;0;2780000;46000;5737000.0;5182000.0;8.0;6.0;0.0
CLPR148;42113000;567000.0;31265000.0;16831000.0;0;78000;10848000;0.0;62377000.0;1.0;3.0;0.0
CLPR149;34296000;166000.0;7957000.0;17804000.0;67104000;449000;26339000;0.0;87141000.0;2.0;5.0;0.0
CLPR150;46614000;1893000.0;13276000.0;13863000.0;50464000;72000;33070000;268000.0;80027000.0;6.0;3.0;0.0
CLPR151;13620000;210000.0;11281000.0;;6993000;935000;2339000;0.0;23804000.0;11.0;2.0;0.0
CLPR152;36568000;995000.0;19881000.0;12456000.0;14663000;3645000;16687000;0.0;40560000.0;1.0;6.0;0.0
CLPR153;8927000;533000.0;2535000.0;948000.0;37292000;156000;6392000;0.0;40045000.0;4.0;1.0;0.0
CLPR154;130069000;10485000.0;88653000.0;15368000.0;26487000;1315000;11216000;30200000.0;64995000.0;12.0;6.0;0.0
CLPR155;56595000;95000.0;35269000.0;15999000.0;21313000;1236000;16926000;4400000.0;39422000.0;1.0;6.0;0.0
CLPR156;41156000;3399000.0;21643000.0;2118000.0;34264000;92000;19513000;0.0;45778000.0;8.0;6.0;0.0
CLPR157;7293000;807000.0;3827000.0;988000.0;35641000;538000;3466000;0.0;38716000.0;5.0;4.0;0.0
CLPR158;14718000;1736000.0;6867000.0;4756000.0;0;2668000;6351000;1500000.0;11153000.0;11.0;6.0;1.0
CLPR159;64230000;9105000.0;41046000.0;7724000.0;39410000;0;16694000;6490000.0;56735000.0;12.0;4.0;0.0
CLPR160;10834000;211000.0;7472000.0;3229000.0;8739000;177000;2675000;687000.0;14157000.0;9.0;5.0;0.0
CLPR161;26059000;3160000.0;20622000.0;9784000.0;37165000;1265000;5437000;0.0;51820000.0;5.0;1.0;0.0
CLPR162;44902000;94000.0;20701000.0;28319000.0;20077000;1343000;24201000;0.0;24096000.0;12.0;2.0;1.0
CLPR163;155552000;758000.0;147758000.0;9236000.0;0;0;398000;7396000.0;5292000.0;12.0;3.0;1.0
CLPR164;156190000;338000.0;108822000.0;21905000.0;21929000;0;29684000;17684000.0;48832000.0;8.0;6.0;1.0
CLPR165;3030000;18000.0;508000.0;;16114000;1491000;432000;2090000.0;16817000.0;5.0;4.0;0.0
CLPR166;19416000;7083000.0;7857000.0;8254000.0;58005000;0;11559000;0.0;60745000.0;9.0;3.0;0.0
CLPR167;13969000;131000.0;12129000.0;1748000.0;5384000;1362000;640000;1200000.0;7359000.0;8.0;4.0;1.0
CLPR168;59320000;650000.0;49949000.0;10000.0;10039000;0;9371000;0.0;21557000.0;4.0;5.0;0.0
CLPR169;10796000;68000.0;5107000.0;6590000.0;10159000;79000;5689000;0.0;20014000.0;4.0;4.0;0.0
CLPR170;45756000;452000.0;29404000.0;670000.0;0;0;5103000;11249000.0;6434000.0;2.0;2.0;1.0
CLPR171;7065000;115000.0;5017000.0;2304000.0;26291000;713000;2048000;0.0;29175000.0;9.0;5.0;0.0
CLPR172;8870000;440000.0;2440000.0;1579000.0;17325000;765000;6430000;0.0;24347000.0;6.0;1.0;0.0
CLPR173;63481000;186000.0;58538000.0;;28187000;0;1126000;3817000.0;36699000.0;9.0;4.0;0.0
CLPR174;51650000;2623000.0;22511000.0;11840000.0;39563000;75000;29139000;0.0;62447000.0;0.0;6.0;0.0
CLPR175;13979000;201000.0;10923000.0;;0;199000;3056000;0.0;43331000.0;3.0;3.0;0.0
CLPR176;6829000;2648000.0;4997000.0;1600000.0;55963000;259000;1832000;0.0;60833000.0;7.0;4.0;0.0
CLPR177;160642000;6947000.0;28737000.0;128551000.0;5159000;498000;10067000;121838000.0;16414000.0;2.0;2.0;0.0
CLPR178;23272000;266000.0;-8241000.0;9035000.0;27783000;61000;25886000;5627000.0;25543000.0;11.0;2.0;1.0
CLPR179;18362000;88000.0;8526000.0;;0;0;40000;9796000.0;4351000.0;12.0;1.0;0.0
CLPR180;23453000;263000.0;15452000.0;2076000.0;42120000;8823000;5302000;2699000.0;49402000.0;6.0;1.0;0.0
CLPR181;25744000;258000.0;11589000.0;3124000.0;42800000;358000;11235000;2920000.0;56411000.0;7.0;6.0;0.0
CLPR182;45756000;452000.0;29404000.0;670000.0;0;0;5103000;11249000.0;6434000.0;1.0;4.0;1.0
CLPR183;10562000;1970000.0;3480000.0;3879000.0;17560000;0;7082000;0.0;21114000.0;5.0;2.0;0.0
CLPR184;7385000;1554000.0;3281000.0;1909000.0;16418000;76000;4104000;0.0;30537000.0;0.0;1.0;0.0
CLPR185;14674000;297000.0;-703000.0;12859000.0;7222000;173000;15377000;0.0;7781000.0;10.0;4.0;0.0
CLPR186;113734000;881000.0;83195000.0;715000.0;0;0;9137000;21402000.0;15232000.0;3.0;6.0;0.0
CLPR187;38101000;5780000.0;20215000.0;16406000.0;127000;6113000;17886000;0.0;35826000.0;9.0;5.0;0.0
CLPR188;46176000;510000.0;40041000.0;7795000.0;5769000;685000;6135000;0.0;38783000.0;1.0;1.0;0.0
CLPR189;89869000;56000.0;84856000.0;1038000.0;16664000;0;5013000;0.0;21094000.0;6.0;1.0;1.0
CLPR190;635468000;25729000.0;386461000.0;;0;1160000;122266000;126741000.0;59344000.0;4.0;6.0;0.0
CLPR191;5761000;44000.0;5592000.0;41000.0;416000;1051000;169000;0.0;466000.0;3.0;2.0;0.0
CLPR192;16227000;709000.0;5262000.0;4265000.0;27967000;0;10965000;0.0;43147000.0;7.0;1.0;0.0
CLPR193;45367000;1459000.0;14293000.0;40492000.0;1121000;0;8288000;22786000.0;8252000.0;12.0;6.0;1.0
CLPR194;15263000;960000.0;12007000.0;;33373000;0;3230000;26000.0;33966000.0;5.0;1.0;0.0
CLPR195;11862000;500000.0;3566000.0;5294000.0;20578000;253000;7166000;1130000.0;29251000.0;0.0;3.0;0.0
CLPR196;38297000;5243000.0;19669000.0;11247000.0;55910000;450000;18628000;0.0;80031000.0;7.0;3.0;0.0
CLPR197;26882000;61000.0;2346000.0;6952000.0;8561000;3500000;12148000;12388000.0;25466000.0;2.0;5.0;0.0
CLPR198;9567000;718000.0;1094000.0;3838000.0;12949000;2749000;8473000;0.0;19785000.0;12.0;6.0;0.0
CLPR199;8384000;393000.0;5822000.0;197000.0;33519000;0;2562000;0.0;36393000.0;5.0;1.0;0.0
CLPR200;21615000;55000.0;16515000.0;169000.0;18584000;114000;2781000;2319000.0;23902000.0;12.0;3.0;0.0
CLPR201;26270000;1599000.0;8078000.0;398000.0;38893000;405000;12947000;5245000.0;64696000.0;10.0;1.0;0.0
CLPR202;22922000;1774000.0;13227000.0;3373000.0;30180000;0;8715000;980000.0;40154000.0;8.0;3.0;1.0
CLPR203;44955000;319000.0;35147000.0;;0;48000;9808000;0.0;40485000.0;2.0;4.0;1.0
CLPR204;58207000;23000.0;50173000.0;37000.0;0;0;6599000;1435000.0;1368000.0;4.0;2.0;0.0
CLPR205;34530000;1730000.0;22605000.0;83000.0;51467000;0;3939000;7986000.0;57138000.0;6.0;5.0;0.0
CLPR206;4083000;60000.0;1813000.0;1395000.0;17279000;18000;2270000;0.0;20689000.0;7.0;5.0;0.0
CLPR207;20336000;710000.0;3586000.0;7312000.0;0;4111000;15153000;1597000.0;27729000.0;7.0;2.0;0.0
CLPR208;14568000;902000.0;7477000.0;;9162000;7851000;7091000;0.0;28693000.0;9.0;6.0;0.0
CLPR209;76812000;15000.0;62170000.0;958000.0;0;1876000;1786000;12856000.0;2040000.0;12.0;6.0;1.0
CLPR210;12119000;5000.0;10447000.0;9882000.0;0;116000;1672000;0.0;4149000.0;4.0;6.0;1.0
CLPR211;16047000;53000.0;4618000.0;2746000.0;33289000;0;10474000;955000.0;39835000.0;6.0;4.0;0.0
CLPR212;53821000;158000.0;20304000.0;5237000.0;5336000;0;8596000;24921000.0;13391000.0;10.0;5.0;0.0
CLPR213;742105000;4199000.0;361913000.0;;0;0;28350000;351842000.0;47498000.0;2.0;2.0;1.0
CLPR214;25201000;2475000.0;22215000.0;176000.0;0;672000;2986000;0.0;51957000.0;12.0;4.0;0.0
CLPR215;80633000;834000.0;58104000.0;17782000.0;60710000;2060000;22529000;0.0;78553000.0;8.0;4.0;0.0
CLPR216;57949000;-6593000.0;10389000.0;43358000.0;72771000;1585000;41693000;5867000.0;82116000.0;8.0;3.0;0.0
CLPR217;58736000;-1369000.0;41061000.0;30703000.0;23183000;0;17675000;0.0;53480000.0;1.0;1.0;1.0
CLPR218;107973000;2000.0;64846000.0;;0;7931000;43127000;0.0;3642000.0;4.0;2.0;1.0
CLPR219;19162000;186000.0;17836000.0;1899000.0;2075000;271000;1326000;0.0;3826000.0;5.0;5.0;1.0
CLPR220;12554000;551000.0;7632000.0;5014000.0;19700000;468000;4922000;0.0;30859000.0;8.0;5.0;0.0
CLPR221;10530000;1692000.0;8854000.0;;12000;0;15000;1661000.0;1592000.0;3.0;6.0;0.0
CLPR222;1838000;94000.0;1119000.0;193000.0;5354000;0;542000;177000.0;6523000.0;2.0;3.0;0.0
CLPR223;45169000;270000.0;23402000.0;17456000.0;54784000;1261000;13067000;8700000.0;66590000.0;3.0;2.0;0.0
CLPR224;7161000;24000.0;3006000.0;862000.0;3672000;15000;1417000;2738000.0;7321000.0;1.0;4.0;0.0
CLPR225;56784000;892000.0;27092000.0;17881000.0;60653000;1925000;28862000;830000.0;76748000.0;10.0;3.0;0.0
CLPR226;78577000;291000.0;44136000.0;7843000.0;69130000;3952000;32721000;1720000.0;78143000.0;8.0;2.0;0.0
CLPR227;30611000;558000.0;16583000.0;4946000.0;22140000;0;6135000;7893000.0;40526000.0;9.0;5.0;0.0
CLPR228;51853000;715000.0;8912000.0;33013000.0;47922000;461000;36173000;6768000.0;57631000.0;3.0;3.0;0.0
CLPR229;51682000;61000.0;17373000.0;20528000.0;55817000;1419000;34309000;0.0;89650000.0;5.0;5.0;0.0
CLPR230;14759000;738000.0;6622000.0;313000.0;23931000;89000;8137000;0.0;38091000.0;7.0;3.0;0.0
CLPR231;35922000;103000.0;21861000.0;1242000.0;25087000;321000;11688000;2373000.0;41220000.0;6.0;4.0;0.0
CLPR232;62268000;4145000.0;33587000.0;11060000.0;48342000;0;17418000;11263000.0;65355000.0;0.0;6.0;0.0
CLPR233;13338000;615000.0;7286000.0;5882000.0;18567000;16000;6052000;0.0;25819000.0;12.0;6.0;0.0
CLPR234;8601000;66000.0;5884000.0;272000.0;49946000;0;1699000;1018000.0;54324000.0;8.0;1.0;0.0
CLPR235;81425000;4285000.0;55602000.0;96000.0;0;0;25823000;0.0;18776000.0;4.0;1.0;0.0
CLPR236;143017000;4732000.0;-5695000.0;;0;632000;147087000;1625000.0;7648000.0;2.0;4.0;0.0
CLPR237;167006000;1314000.0;18250000.0;1949000.0;9841000;12108000;22652000;126104000.0;17149000.0;10.0;1.0;0.0
CLPR238;170794000;4053000.0;156469000.0;;0;4061000;8925000;5400000.0;10255000.0;5.0;3.0;1.0
CLPR239;41603000;94000.0;11289000.0;7505000.0;51833000;2205000;30314000;0.0;69228000.0;1.0;1.0;0.0
CLPR240;20144000;1178000.0;3390000.0;4545000.0;50431000;12000;16047000;707000.0;73692000.0;4.0;6.0;0.0
CLPR241;37580000;928000.0;23691000.0;5726000.0;304000;773000;8072000;5817000.0;42459000.0;6.0;4.0;1.0
CLPR242;21028000;7885000.0;-2268000.0;3830000.0;11065000;0;23296000;0.0;16057000.0;3.0;6.0;0.0
CLPR243;25405000;138000.0;24859000.0;4147000.0;14769000;345000;546000;0.0;19030000.0;1.0;2.0;0.0
CLPR244;40048000;1308000.0;26870000.0;15332000.0;37371000;0;12769000;409000.0;61407000.0;2.0;5.0;0.0
CLPR245;15498000;4493000.0;9604000.0;3622000.0;72596000;514000;5794000;100000.0;80295000.0;11.0;6.0;0.0
CLPR246;15316000;1228000.0;11320000.0;6174000.0;26587000;560000;3996000;0.0;41347000.0;11.0;5.0;0.0
CLPR247;32325000;5182000.0;15401000.0;280000.0;22373000;0;16924000;0.0;43389000.0;9.0;6.0;0.0
CLPR248;55234000;85000.0;18787000.0;134000.0;0;575000;5120000;31327000.0;7561000.0;2.0;6.0;0.0
CLPR249;180676000;3250000.0;113643000.0;48738000.0;72908000;956000;3958000;63075000.0;88651000.0;9.0;4.0;1.0
CLPR250;8613000;553000.0;1854000.0;25000.0;438000;5100000;6759000;0.0;147000.0;1.0;4.0;1.0
CLPR251;58502000;948000.0;49216000.0;5574000.0;19504000;35000;9286000;0.0;21913000.0;11.0;4.0;1.0
CLPR252;27794000;197000.0;22733000.0;;11649000;0;3513000;1548000.0;19744000.0;7.0;3.0;0.0
CLPR253;120439000;4707000.0;107357000.0;17414000.0;62054000;356000;13082000;0.0;80690000.0;0.0;1.0;0.0
CLPR254;9522000;36000.0;2474000.0;4778000.0;13283000;127000;7048000;0.0;16390000.0;1.0;6.0;0.0
CLPR255;26911000;1453000.0;15114000.0;8853000.0;34953000;566000;11797000;0.0;39358000.0;10.0;1.0;0.0
CLPR256;61989000;15000.0;31065000.0;15932000.0;27745000;323000;23887000;7037000.0;55727000.0;7.0;2.0;0.0
CLPR257;131907000;600000.0;78578000.0;1965000.0;33693000;0;34561000;18768000.0;42169000.0;11.0;1.0;0.0
CLPR258;24024000;147000.0;13550000.0;4770000.0;9583000;400000;4513000;5961000.0;18930000.0;0.0;2.0;0.0
CLPR259;8335000;203000.0;6179000.0;1769000.0;14486000;1826000;1506000;650000.0;17452000.0;9.0;3.0;0.0
CLPR260;4859000;711000.0;2760000.0;1130000.0;14814000;0;2099000;0.0;15991000.0;10.0;2.0;0.0
CLPR261;63481000;186000.0;58538000.0;;28187000;0;1126000;3817000.0;36699000.0;3.0;6.0;0.0
CLPR262;300008000;5350000.0;256145000.0;10755000.0;27729000;0;16797000;27066000.0;82741000.0;10.0;1.0;0.0
CLPR263;10285000;454000.0;7629000.0;1472000.0;45823000;0;1406000;1250000.0;50985000.0;4.0;4.0;0.0
CLPR264;17239000;189000.0;14509000.0;279000.0;2135000;110000;2730000;0.0;6772000.0;9.0;5.0;0.0
CLPR265;25851000;4296000.0;19219000.0;3180000.0;19637000;103000;2695000;3937000.0;27713000.0;10.0;2.0;0.0
CLPR266;31368000;30000.0;18231000.0;37000.0;17769000;43000;12944000;193000.0;26594000.0;9.0;2.0;0.0
CLPR267;36417000;1609000.0;18488000.0;328000.0;11542000;1006000;4579000;13350000.0;13278000.0;10.0;1.0;0.0
CLPR268;19567000;81000.0;18803000.0;;15351000;0;446000;318000.0;19276000.0;2.0;1.0;0.0
CLPR269;4508000;533000.0;2370000.0;808000.0;0;0;2138000;0.0;18467000.0;8.0;3.0;0.0
CLPR270;84351000;1359000.0;51408000.0;12561000.0;50652000;108000;25173000;7770000.0;82378000.0;12.0;2.0;1.0
CLPR271;52039000;129000.0;12622000.0;;0;0;10580000;28837000.0;26943000.0;0.0;6.0;0.0
CLPR272;5320000;-875000.0;1880000.0;814000.0;74800000;483000;3440000;0.0;82346000.0;11.0;2.0;0.0
CLPR273;40639000;182000.0;23640000.0;169000.0;0;9000;13024000;3975000.0;6495000.0;7.0;5.0;0.0
CLPR274;37936000;418000.0;16256000.0;20768000.0;72395000;737000;21680000;0.0;82318000.0;10.0;2.0;0.0
CLPR275;8262000;374000.0;2384000.0;445000.0;36249000;17000;5878000;0.0;39431000.0;0.0;2.0;0.0
CLPR276;203686000;5860000.0;190699000.0;250000.0;34000;0;12987000;0.0;1971000.0;0.0;4.0;1.0
CLPR277;8877000;116000.0;5831000.0;3617000.0;15909000;0;3046000;0.0;19572000.0;1.0;6.0;0.0
CLPR278;155072000;3885000.0;52423000.0;318000.0;0;112000;62169000;40480000.0;18429000.0;10.0;6.0;0.0
CLPR279;34745000;94000.0;15357000.0;6981000.0;35448000;8213000;19388000;0.0;49844000.0;7.0;4.0;0.0
CLPR280;25651000;1017000.0;16461000.0;3975000.0;28637000;1411000;6874000;2316000.0;41378000.0;9.0;1.0;0.0
CLPR281;157619000;925000.0;109251000.0;26364000.0;39384000;410000;35844000;12524000.0;72143000.0;11.0;4.0;0.0
CLPR282;14923000;78000.0;10392000.0;4505000.0;24970000;363000;4531000;0.0;36023000.0;10.0;2.0;0.0
CLPR283;15316000;186000.0;9497000.0;4279000.0;24004000;870000;2881000;2938000.0;36537000.0;5.0;5.0;0.0
CLPR284;235777000;62163000.0;139869000.0;34189000.0;8346000;52410000;95908000;0.0;15342000.0;9.0;4.0;1.0
CLPR285;19636000;991000.0;16159000.0;613000.0;639000;38000;175000;3302000.0;9195000.0;10.0;3.0;0.0
CLPR286;90333000;1391000.0;54245000.0;44556000.0;0;1689000;22577000;13511000.0;53417000.0;10.0;4.0;1.0
CLPR287;12871000;554000.0;10100000.0;462000.0;52732000;116000;2771000;0.0;59999000.0;9.0;5.0;0.0
CLPR288;21129000;1773000.0;5943000.0;10940000.0;45877000;98000;15186000;0.0;54819000.0;10.0;5.0;0.0
CLPR289;5275000;1769000.0;2866000.0;3000.0;66107000;320000;2409000;0.0;73545000.0;-80.0;3.0;0.0
CLPR290;5655000;177000.0;3645000.0;741000.0;0;397000;2010000;0.0;9115000.0;8.0;4.0;0.0
CLPR291;8773000;53000.0;-1550000.0;2486000.0;25063000;0;10323000;0.0;25659000.0;11.0;2.0;0.0
CLPR292;7467000;460000.0;5254000.0;438000.0;33305000;0;2213000;0.0;36043000.0;12.0;2.0;0.0
CLPR293;32663000;612000.0;27408000.0;;14216000;0;5255000;0.0;20360000.0;4.0;4.0;0.0
CLPR294;24381000;245000.0;10572000.0;15055000.0;48563000;653000;13809000;0.0;64553000.0;4.0;1.0;0.0
CLPR295;14833000;901000.0;14717000.0;3678000.0;13182000;802000;116000;0.0;22195000.0;10.0;6.0;0.0
CLPR296;83367000;157000.0;72988000.0;329000.0;1562000;1196000;9165000;1214000.0;18822000.0;2.0;6.0;0.0
CLPR297;195974000;152000.0;146019000.0;;0;23000;49955000;0.0;247000.0;10.0;1.0;0.0
CLPR298;45012000;2229000.0;4423000.0;627000.0;697000;10767000;9193000;31396000.0;22833000.0;6.0;2.0;0.0
CLPR299;36368000;1227000.0;8091000.0;3277000.0;18706000;0;4964000;23313000.0;37591000.0;7.0;1.0;0.0
CLPR300;18373000;220000.0;7984000.0;8312000.0;14705000;67000;9322000;1067000.0;17414000.0;5.0;5.0;0.0
CLPR301;8844000;941000.0;2085000.0;260000.0;12705000;0;6759000;0.0;14191000.0;10.0;5.0;0.0
CLPR302;30648000;280000.0;22045000.0;4833000.0;12562000;585000;8264000;339000.0;35130000.0;3.0;4.0;0.0
CLPR303;54736000;9982000.0;37380000.0;9249000.0;13357000;0;17356000;0.0;60805000.0;5.0;5.0;0.0
CLPR304;7997000;203000.0;2961000.0;;6807000;0;5036000;0.0;9820000.0;1.0;2.0;0.0
CLPR305;2372000;383000.0;1791000.0;118000.0;8274000;0;581000;0.0;10430000.0;8.0;6.0;0.0
CLPR306;7966000;179000.0;1375000.0;551000.0;14212000;0;6198000;393000.0;23974000.0;10.0;6.0;0.0
CLPR307;27454000;5488000.0;9827000.0;7646000.0;60564000;4000;14988000;2639000.0;71517000.0;6.0;6.0;0.0
CLPR308;22698000;710000.0;14930000.0;;16144000;0;7768000;0.0;26529000.0;9.0;1.0;1.0
CLPR309;31813000;933000.0;7851000.0;15191000.0;46954000;357000;19915000;4047000.0;64012000.0;6.0;3.0;0.0
CLPR310;38281000;5272000.0;28582000.0;10870000.0;20828000;873000;7101000;2598000.0;27350000.0;9.0;2.0;0.0
CLPR311;461418000;877000.0;456175000.0;9363000.0;14529000;1035000;2752000;2491000.0;52867000.0;11.0;2.0;0.0
CLPR312;54559000;460000.0;42525000.0;8566000.0;40977000;5840000;7941000;4093000.0;60298000.0;2.0;4.0;0.0
CLPR313;16860000;558000.0;13611000.0;1611000.0;0;0;2249000;1000000.0;5708000.0;3.0;4.0;0.0
CLPR314;8384000;393000.0;5822000.0;197000.0;33519000;0;2562000;0.0;36393000.0;8.0;6.0;0.0
CLPR315;7808000;71000.0;6680000.0;1765000.0;3205000;2002000;1128000;0.0;7415000.0;0.0;4.0;1.0
CLPR316;9512000;1095000.0;8227000.0;830000.0;48510000;4753000;1285000;0.0;52273000.0;8.0;6.0;0.0
CLPR317;19761000;106000.0;1407000.0;357000.0;35092000;287000;18354000;0.0;72081000.0;3.0;5.0;0.0
CLPR318;26956000;1661000.0;24187000.0;6871000.0;53364000;0;2769000;0.0;66080000.0;3.0;2.0;0.0
CLPR319;25261000;1108000.0;12121000.0;14279000.0;42746000;0;11640000;1500000.0;59460000.0;11.0;2.0;0.0
CLPR320;22761000;442000.0;5914000.0;3084000.0;43384000;152000;14741000;2106000.0;60504000.0;9.0;5.0;0.0
CLPR321;17322000;1388000.0;12205000.0;4172000.0;13351000;3001000;5117000;0.0;16585000.0;1.0;4.0;0.0
CLPR322;20707000;1058000.0;16047000.0;2931000.0;0;2420000;4660000;0.0;53546000.0;5.0;6.0;0.0
CLPR323;18039000;303000.0;16120000.0;2185000.0;72552000;1175000;1919000;0.0;78126000.0;11.0;6.0;0.0
CLPR324;57036000;13440000.0;30576000.0;;25334000;44000;26460000;0.0;40913000.0;3.0;3.0;0.0
CLPR325;15498000;4493000.0;9604000.0;3622000.0;72596000;514000;5794000;100000.0;80295000.0;5.0;1.0;0.0
CLPR326;84905000;422000.0;39334000.0;6755000.0;41085000;7061000;14563000;31008000.0;69245000.0;12.0;1.0;1.0
CLPR327;27830000;676000.0;3141000.0;474000.0;6434000;11724000;4655000;20034000.0;11751000.0;1.0;4.0;0.0
CLPR328;24928000;370000.0;8356000.0;;22970000;2296000;16572000;0.0;38064000.0;3.0;1.0;0.0
CLPR329;53541000;257000.0;6356000.0;7468000.0;9442000;0;18030000;29155000.0;27003000.0;10.0;4.0;1.0
CLPR330;26072000;535000.0;22181000.0;1782000.0;62067000;0;908000;2983000.0;67455000.0;1.0;2.0;0.0
CLPR331;32719000;0.0;8148000.0;3571000.0;40332000;1533000;14447000;10124000.0;47617000.0;10.0;1.0;0.0
CLPR332;16126000;210000.0;11270000.0;4871000.0;19356000;103000;4856000;0.0;23548000.0;1.0;2.0;0.0
CLPR333;52114000;1327000.0;32091000.0;34999000.0;57989000;34000;20023000;0.0;76979000.0;9.0;3.0;0.0
CLPR334;26642000;338000.0;13494000.0;7108000.0;41286000;223000;11645000;1503000.0;58682000.0;8.0;3.0;0.0
CLPR335;33723000;80000.0;7856000.0;2153000.0;22171000;30000;25296000;571000.0;26418000.0;1.0;3.0;0.0
CLPR336;19261000;503000.0;2141000.0;2823000.0;20362000;15000;12827000;4293000.0;26807000.0;9.0;2.0;0.0
CLPR337;37292000;425000.0;31276000.0;7154000.0;21696000;267000;6016000;0.0;35612000.0;11.0;5.0;0.0
CLPR338;13348000;225000.0;9097000.0;2151000.0;10996000;0;3851000;400000.0;16378000.0;12.0;5.0;0.0
CLPR339;17062000;368000.0;10013000.0;1146000.0;27234000;440000;6431000;618000.0;37662000.0;2.0;3.0;0.0
CLPR340;1174714000;60000.0;268600000.0;;0;0;820180000;85934000.0;10055000.0;0.0;1.0;1.0
CLPR341;17701000;216000.0;17023000.0;946000.0;2888000;266000;678000;0.0;3581000.0;3.0;5.0;0.0
CLPR342;51687000;637000.0;20354000.0;14632000.0;14607000;0;24418000;6915000.0;47944000.0;1.0;2.0;1.0
CLPR343;36236000;4220000.0;27544000.0;;1975000;3953000;5281000;3411000.0;11430000.0;7.0;5.0;0.0
CLPR344;3800000;-41000.0;2930000.0;1535000.0;0;61000;870000;0.0;4819000.0;11.0;3.0;1.0
CLPR345;8400000;21000.0;6867000.0;6000.0;0;219000;266000;1267000.0;2139000.0;6.0;2.0;1.0
CLPR346;134897000;179000.0;77713000.0;2780000.0;45094000;0;39876000;17308000.0;84549000.0;4.0;1.0;0.0
CLPR347;157170000;341000.0;131679000.0;;7554000;292000;21074000;4417000.0;31709000.0;11.0;4.0;0.0
CLPR348;26698000;501000.0;19628000.0;7597000.0;0;2876000;5050000;2020000.0;23199000.0;6.0;5.0;1.0
CLPR349;29557000;583000.0;19974000.0;9328000.0;25206000;4791000;5553000;4030000.0;35616000.0;11.0;3.0;0.0
CLPR350;61228000;138000.0;54864000.0;;0;0;3965000;2399000.0;6154000.0;5.0;3.0;1.0
CLPR351;33534000;6466000.0;12675000.0;2439000.0;3798000;0;20859000;0.0;4095000.0;10.0;4.0;0.0
CLPR352;15940000;772000.0;13940000.0;7938000.0;70452000;2159000;1987000;13000.0;77177000.0;3.0;5.0;0.0
CLPR353;7293000;807000.0;3827000.0;988000.0;35641000;538000;3466000;0.0;38716000.0;5.0;6.0;0.0
CLPR354;9552000;1879000.0;9499000.0;;0;0;53000;0.0;21000.0;7.0;4.0;1.0
CLPR355;16024000;991000.0;4430000.0;1576000.0;58875000;2000;11594000;0.0;67238000.0;12.0;3.0;0.0
CLPR356;10696000;88000.0;4411000.0;5422000.0;42679000;0;6285000;0.0;50692000.0;11.0;4.0;0.0
CLPR357;2688000;196000.0;565000.0;;78397000;6000;2123000;0.0;85791000.0;4.0;6.0;0.0
CLPR358;8537000;1414000.0;7693000.0;2780000.0;4188000;6000;294000;550000.0;6582000.0;1.0;6.0;1.0
CLPR359;5102000;1031000.0;4736000.0;284000.0;19380000;60000;366000;0.0;21027000.0;3.0;3.0;0.0
CLPR360;39405000;1467000.0;20022000.0;16101000.0;34602000;3027000;19383000;0.0;52897000.0;11.0;6.0;0.0
CLPR361;29836000;1974000.0;22501000.0;239000.0;17600000;26000;7335000;0.0;32266000.0;2.0;4.0;0.0
CLPR362;139463000;4048000.0;78043000.0;74124000.0;40079000;2241000;43640000;17780000.0;89177000.0;8.0;5.0;0.0
CLPR363;30471000;38000.0;7732000.0;8720000.0;43849000;1397000;19662000;3077000.0;56047000.0;5.0;1.0;0.0
CLPR364;33172000;720000.0;15914000.0;11949000.0;62440000;1353000;17258000;0.0;70133000.0;12.0;6.0;0.0
CLPR365;38093000;68000.0;5452000.0;;0;0;26641000;6000000.0;1000.0;0.0;1.0;0.0
CLPR366;24844000;465000.0;12865000.0;2615000.0;11147000;4553000;11979000;0.0;33670000.0;1.0;1.0;0.0
CLPR367;19946000;220000.0;5666000.0;5484000.0;27822000;46000;14162000;118000.0;37662000.0;0.0;3.0;0.0
CLPR368;1012315000;6109000.0;554222000.0;;0;16712000;458093000;0.0;12209000.0;7.0;2.0;1.0
CLPR369;7957000;38000.0;3223000.0;2797000.0;13456000;154000;4734000;0.0;22257000.0;4.0;3.0;0.0
CLPR370;20520000;2819000.0;14796000.0;8358000.0;134000;547000;5724000;0.0;24256000.0;5.0;5.0;0.0
CLPR371;10636000;96000.0;1336000.0;242000.0;10969000;1228000;4322000;4978000.0;12207000.0;3.0;6.0;0.0
CLPR372;68820000;2375000.0;6024000.0;416000.0;18333000;9000;62796000;0.0;49252000.0;9.0;1.0;0.0
CLPR373;19972000;1985000.0;8361000.0;13546000.0;30090000;0;11611000;0.0;43322000.0;12.0;6.0;0.0
CLPR374;29235000;193000.0;9390000.0;1786000.0;30869000;31000;19402000;443000.0;47763000.0;6.0;2.0;0.0
CLPR375;142862000;111000.0;112215000.0;127000.0;0;0;25848000;4799000.0;31339000.0;2.0;6.0;0.0
CLPR376;83987000;371000.0;17218000.0;26830000.0;50167000;0;44769000;22000000.0;57765000.0;4.0;1.0;1.0
CLPR377;24449000;739000.0;21137000.0;102000.0;8684000;250000;3312000;0.0;13672000.0;1.0;3.0;0.0
CLPR378;135022000;491000.0;124523000.0;;0;152000;5794000;4705000.0;7409000.0;2.0;1.0;1.0
CLPR379;18439000;1000.0;13982000.0;3198000.0;15906000;422000;4457000;0.0;22321000.0;5.0;2.0;0.0
CLPR380;9323000;1254000.0;7639000.0;574000.0;62155000;0;1664000;20000.0;67244000.0;1.0;4.0;0.0
CLPR381;22979000;3900000.0;11536000.0;6422000.0;36200000;195000;11443000;0.0;50416000.0;8.0;1.0;0.0
CLPR382;52889000;3494000.0;23726000.0;6078000.0;32662000;45000;29163000;0.0;57218000.0;10.0;5.0;0.0
CLPR383;26670000;10911000.0;20774000.0;2447000.0;26232000;54000;5485000;411000.0;41225000.0;9.0;3.0;0.0
CLPR384;56308000;56000.0;53443000.0;;0;0;1971000;894000.0;2448000.0;11.0;2.0;1.0
CLPR385;12679000;61000.0;5625000.0;1798000.0;6676000;658000;2837000;4217000.0;10705000.0;4.0;6.0;0.0
CLPR386;27578000;1699000.0;25805000.0;3012000.0;7111000;0;1138000;635000.0;10976000.0;3.0;4.0;0.0
CLPR387;10098000;808000.0;1499000.0;695000.0;11082000;1633000;6123000;2476000.0;16507000.0;5.0;6.0;0.0
CLPR388;1592000;47000.0;1135000.0;350000.0;1574000;248000;252000;205000.0;4325000.0;12.0;6.0;0.0
CLPR389;41482000;1636000.0;30683000.0;86000.0;0;2305000;799000;10000000.0;4837000.0;9.0;2.0;0.0
CLPR390;35922000;103000.0;21861000.0;1242000.0;25087000;321000;11688000;2373000.0;41220000.0;10.0;6.0;0.0
CLPR391;100204000;22729000.0;79645000.0;1040000.0;0;71000;3314000;17245000.0;6096000.0;6.0;3.0;0.0
CLPR392;10674000;2000.0;8580000.0;130000.0;4073000;125000;1458000;636000.0;7275000.0;6.0;1.0;1.0
CLPR393;9705000;508000.0;5126000.0;1793000.0;7859000;1964000;4579000;0.0;20067000.0;2.0;3.0;0.0
CLPR394;24119000;1512000.0;11868000.0;13424000.0;29904000;1251000;12251000;0.0;41361000.0;3.0;2.0;0.0
CLPR395;44988000;565000.0;-14353000.0;15242000.0;62814000;46000;59341000;0.0;73151000.0;8.0;5.0;0.0
CLPR396;52826000;1452000.0;45826000.0;14605000.0;46731000;0;7000000;0.0;61790000.0;10.0;1.0;1.0
CLPR397;83547000;302000.0;63097000.0;15691000.0;29899000;417000;14505000;5945000.0;45302000.0;5.0;2.0;0.0
CLPR398;26909000;56000.0;26019000.0;410000.0;0;1000;250000;640000.0;5348000.0;8.0;2.0;0.0
CLPR399;32817000;130000.0;11747000.0;8197000.0;54990000;689000;19074000;1996000.0;78568000.0;4.0;6.0;0.0
CLPR400;16409000;113000.0;10122000.0;2978000.0;26605000;66000;6287000;0.0;34495000.0;0.0;6.0;0.0
CLPR401;70687000;375000.0;27576000.0;30772000.0;47365000;0;43111000;0.0;60499000.0;6.0;2.0;0.0
CLPR402;48684000;2496000.0;30970000.0;161000.0;37037000;861000;9393000;8321000.0;44651000.0;12.0;1.0;1.0
CLPR403;70181000;70000.0;48176000.0;3558000.0;0;4085000;22005000;0.0;10813000.0;8.0;5.0;1.0
CLPR404;18015000;2278000.0;8217000.0;3017000.0;30230000;0;8351000;1447000.0;33366000.0;12.0;1.0;0.0
CLPR405;279133000;223000.0;266389000.0;1765000.0;0;0;9104000;3640000.0;2341000.0;5.0;5.0;1.0
CLPR406;35438000;1196000.0;32522000.0;11455000.0;8952000;1325000;2916000;0.0;15754000.0;10.0;4.0;1.0
CLPR407;26591000;1647000.0;10715000.0;4432000.0;30053000;1071000;15876000;0.0;54036000.0;9.0;6.0;0.0
CLPR408;2786000;106000.0;907000.0;572000.0;15801000;33000;1387000;492000.0;17557000.0;1.0;1.0;0.0
CLPR409;40048000;1308000.0;26870000.0;15332000.0;37371000;0;12769000;409000.0;61407000.0;5.0;3.0;0.0
CLPR410;20275000;1360000.0;14926000.0;2434000.0;20224000;0;5349000;0.0;34930000.0;4.0;2.0;1.0
CLPR411;30648000;310000.0;17103000.0;5553000.0;42348000;1450000;10981000;2564000.0;55153000.0;3.0;6.0;0.0
CLPR412;1141780000;980000.0;945389000.0;12000.0;0;134000;59296000;116817000.0;23553000.0;11.0;6.0;0.0
CLPR413;11605000;118000.0;4443000.0;1208000.0;17347000;24000;7162000;0.0;38700000.0;4.0;1.0;0.0
CLPR414;42530000;355000.0;1517000.0;2382000.0;0;173000;41013000;0.0;7829000.0;0.0;2.0;0.0
CLPR415;57093000;342000.0;32643000.0;27650000.0;54365000;38000;23901000;549000.0;85995000.0;6.0;3.0;0.0
CLPR416;42634000;1787000.0;33716000.0;18001000.0;30529000;0;8643000;275000.0;40980000.0;8.0;2.0;1.0
CLPR417;39635000;31000.0;22492000.0;13456000.0;18396000;6027000;17143000;0.0;24929000.0;12.0;4.0;0.0
CLPR418;37547000;1832000.0;24980000.0;22323000.0;77957000;75000;12567000;0.0;89234000.0;6.0;3.0;0.0
CLPR419;6288000;910000.0;2571000.0;1563000.0;16772000;219000;3717000;0.0;18244000.0;7.0;4.0;0.0
CLPR420;47577000;394000.0;9951000.0;21988000.0;68625000;10625000;35596000;2030000.0;75722000.0;8.0;6.0;0.0
CLPR421;24085000;1440000.0;23412000.0;1871000.0;0;36000;673000;0.0;14691000.0;8.0;5.0;0.0
CLPR422;49199000;2371000.0;38786000.0;22451000.0;62018000;2000;10413000;0.0;82906000.0;3.0;5.0;0.0
CLPR423;18814000;13000.0;10719000.0;23000.0;10111000;23000;5706000;2389000.0;9203000.0;3.0;4.0;1.0
CLPR424;19972000;1985000.0;8361000.0;13546000.0;30090000;0;11611000;0.0;43322000.0;4.0;1.0;0.0
CLPR425;46009000;556000.0;22945000.0;23564000.0;26031000;0;21017000;2047000.0;31868000.0;6.0;6.0;1.0
CLPR426;7460000;176000.0;-4014000.0;1420000.0;0;3636000;11474000;0.0;25918000.0;1.0;6.0;0.0
CLPR427;36028000;468000.0;27549000.0;-16000.0;16229000;0;8479000;0.0;21897000.0;3.0;5.0;0.0
CLPR428;16580000;524000.0;13851000.0;1242000.0;25104000;282000;2729000;0.0;40943000.0;4.0;2.0;0.0
CLPR429;35660000;4240000.0;11525000.0;12740000.0;31648000;86000;18812000;5323000.0;50451000.0;3.0;2.0;0.0
CLPR430;134059000;245000.0;115376000.0;2359000.0;35993000;7259000;18683000;0.0;64690000.0;5.0;3.0;1.0
CLPR431;61849000;527000.0;5837000.0;21983000.0;31545000;873000;56012000;0.0;48414000.0;1.0;1.0;1.0
CLPR432;28776000;9420000.0;2901000.0;1393000.0;0;975000;16829000;9046000.0;26040000.0;8.0;6.0;0.0
CLPR433;34153000;63000.0;30374000.0;;26194000;0;3779000;0.0;35429000.0;6.0;5.0;0.0
CLPR434;38611000;527000.0;33911000.0;6383000.0;56614000;3435000;4700000;0.0;65844000.0;10.0;4.0;0.0
CLPR435;51400000;278000.0;24483000.0;8948000.0;3492000;37496000;26917000;0.0;6392000.0;8.0;1.0;1.0
CLPR436;222002000;1170000.0;190614000.0;941000.0;0;0;23055000;8333000.0;21579000.0;2.0;1.0;0.0
CLPR437;3820000;53000.0;3196000.0;684000.0;12868000;0;624000;0.0;17396000.0;6.0;3.0;0.0
CLPR438;33596000;406000.0;22400000.0;4424000.0;32190000;68000;9118000;2078000.0;45219000.0;1.0;4.0;0.0
CLPR439;51780000;2279000.0;42341000.0;1057000.0;32364000;3899000;9439000;0.0;63361000.0;3.0;4.0;0.0
CLPR440;11405000;480000.0;9105000.0;650000.0;75723000;0;2300000;0.0;81670000.0;7.0;5.0;0.0
CLPR441;18179000;668000.0;-7782000.0;1694000.0;12219000;230000;20634000;5327000.0;20145000.0;5.0;1.0;0.0
CLPR442;61354000;22000.0;38537000.0;27273000.0;21433000;6000;22817000;0.0;33987000.0;11.0;4.0;1.0
CLPR443;60029000;1645000.0;34075000.0;;17511000;140000;23527000;2427000.0;23587000.0;5.0;6.0;1.0
CLPR444;8730000;0.0;5283000.0;13000.0;0;8000;3447000;0.0;1258000.0;5.0;4.0;1.0
CLPR445;86564000;848000.0;41154000.0;34284000.0;34123000;293000;45136000;274000.0;81772000.0;11.0;2.0;0.0
CLPR446;30648000;280000.0;22045000.0;4833000.0;12562000;585000;8264000;339000.0;35130000.0;12.0;3.0;0.0
CLPR447;46643000;-2515000.0;27268000.0;12957000.0;65582000;7304000;19375000;0.0;77951000.0;2.0;4.0;0.0
CLPR448;61840000;1932000.0;29568000.0;31848000.0;49637000;476000;32272000;0.0;88921000.0;1.0;1.0;1.0
CLPR449;50653000;641000.0;10811000.0;5768000.0;43891000;76000;35099000;4743000.0;57729000.0;8.0;5.0;0.0
CLPR450;20336000;710000.0;3586000.0;7312000.0;0;4111000;15153000;1597000.0;27729000.0;4.0;3.0;0.0
CLPR451;11172000;844000.0;8050000.0;7607000.0;15737000;6000;3122000;0.0;23181000.0;5.0;5.0;0.0
CLPR452;23027000;3944000.0;11455000.0;3392000.0;25790000;389000;11572000;0.0;44719000.0;0.0;2.0;0.0
CLPR453;36993000;171000.0;22120000.0;96000.0;0;0;13847000;1026000.0;3717000.0;5.0;6.0;0.0
CLPR454;205940000;19663000.0;89176000.0;978000.0;0;0;5293000;111471000.0;28591000.0;7.0;1.0;0.0
CLPR455;172214000;395000.0;169767000.0;;0;0;2447000;0.0;8763000.0;5.0;3.0;1.0
CLPR456;82658000;2939000.0;38582000.0;24223000.0;64535000;1063000;44076000;0.0;85253000.0;7.0;3.0;0.0
CLPR457;32727000;602000.0;26198000.0;7953000.0;47791000;0;6529000;0.0;62824000.0;10.0;6.0;0.0
CLPR458;17451000;176000.0;7721000.0;9185000.0;17848000;37000;9658000;72000.0;19514000.0;9.0;2.0;0.0
CLPR459;66452000;833000.0;40164000.0;8208000.0;48883000;0;22495000;3793000.0;55105000.0;4.0;6.0;0.0
CLPR460;33355000;576000.0;21021000.0;7960000.0;44285000;958000;12334000;0.0;52884000.0;7.0;3.0;1.0
CLPR461;39750000;692000.0;17145000.0;10406000.0;0;6822000;22605000;0.0;75427000.0;10.0;4.0;0.0
CLPR462;93367000;245000.0;78845000.0;489000.0;0;0;1905000;12617000.0;8803000.0;11.0;6.0;1.0
CLPR463;50737000;587000.0;13491000.0;12168000.0;46278000;8692000;37246000;0.0;60957000.0;3.0;4.0;0.0
CLPR464;35402000;73000.0;16715000.0;12362000.0;63225000;16000;18687000;0.0;70492000.0;3.0;1.0;0.0
CLPR465;13348000;225000.0;9097000.0;2151000.0;10996000;0;3851000;400000.0;16378000.0;4.0;3.0;1.0
CLPR466;30280000;754000.0;19858000.0;4835000.0;66973000;185000;10422000;0.0;83401000.0;9.0;6.0;0.0
CLPR467;11705000;247000.0;6619000.0;2422000.0;47228000;13000;5024000;62000.0;57131000.0;9.0;6.0;0.0
CLPR468;32985000;75000.0;6627000.0;4920000.0;28484000;6000;26358000;0.0;31213000.0;4.0;6.0;0.0
CLPR469;14311000;782000.0;8088000.0;3057000.0;22595000;153000;6223000;0.0;33871000.0;1.0;3.0;0.0
CLPR470;7657000;70000.0;-1634000.0;1040000.0;0;0;5173000;4118000.0;47531000.0;3.0;3.0;0.0
CLPR471;19835000;252000.0;-1588000.0;4439000.0;6081000;166000;21423000;0.0;37924000.0;2.0;6.0;0.0
CLPR472;65187000;190000.0;27989000.0;2724000.0;518000;31000;37198000;0.0;6235000.0;0.0;6.0;0.0
CLPR473;23543000;1965000.0;13996000.0;;0;141000;9547000;0.0;19856000.0;2.0;1.0;0.0
CLPR474;31113000;8181000.0;20772000.0;11489000.0;15692000;0;10341000;0.0;28986000.0;7.0;1.0;0.0
CLPR475;4345000;80000.0;2182000.0;1211000.0;3089000;0;2163000;0.0;5497000.0;11.0;2.0;1.0
CLPR476;59151000;3532000.0;29578000.0;8778000.0;41695000;0;25437000;4136000.0;49392000.0;8.0;3.0;0.0
CLPR477;61849000;527000.0;5837000.0;21983000.0;31545000;873000;56012000;0.0;48414000.0;5.0;4.0;1.0
CLPR478;20149000;2800000.0;7449000.0;2593000.0;54340000;674000;12491000;209000.0;65071000.0;6.0;6.0;0.0
CLPR479;30837000;0.0;9822000.0;13640000.0;65464000;55000;21015000;0.0;77982000.0;5.0;3.0;0.0
CLPR480;78577000;291000.0;44136000.0;7843000.0;69130000;3952000;32721000;1720000.0;78143000.0;12.0;1.0;0.0
CLPR481;5870000;985000.0;4940000.0;918000.0;29235000;1000;828000;102000.0;31736000.0;3.0;1.0;0.0
CLPR482;8991000;451000.0;7178000.0;2227000.0;10675000;632000;1813000;0.0;17118000.0;9.0;6.0;0.0
CLPR483;29098000;47000.0;28684000.0;3363000.0;30677000;709000;414000;0.0;58425000.0;2.0;5.0;0.0
CLPR484;9503000;308000.0;2594000.0;4730000.0;8720000;0;4313000;2596000.0;10495000.0;0.0;3.0;0.0
CLPR485;8601000;66000.0;5884000.0;272000.0;49946000;0;1699000;1018000.0;54324000.0;1.0;1.0;0.0
CLPR486;38693000;1259000.0;32910000.0;788000.0;0;2780000;46000;5737000.0;5182000.0;2.0;1.0;0.0
CLPR487;55331000;2555000.0;50012000.0;707000.0;32375000;104000;3292000;2027000.0;41175000.0;8.0;4.0;0.0
CLPR488;28341000;789000.0;22104000.0;6512000.0;45732000;69000;5613000;624000.0;81716000.0;12.0;1.0;0.0
CLPR489;8730000;0.0;5283000.0;13000.0;0;8000;3447000;0.0;1258000.0;4.0;4.0;1.0
CLPR490;29098000;47000.0;28684000.0;3363000.0;30677000;709000;414000;0.0;58425000.0;2.0;2.0;0.0
CLPR491;371379000;111000.0;171248000.0;6504000.0;21683000;1768000;44674000;155457000.0;55734000.0;4.0;1.0;0.0
CLPR492;24381000;245000.0;10572000.0;15055000.0;48563000;653000;13809000;0.0;64553000.0;0.0;5.0;0.0
CLPR493;45367000;1459000.0;14293000.0;40492000.0;1121000;0;8288000;22786000.0;8252000.0;11.0;1.0;1.0
CLPR494;65807000;1654000.0;27274000.0;30677000.0;54931000;846000;38533000;0.0;84708000.0;4.0;5.0;0.0
CLPR495;22333000;207000.0;11359000.0;4623000.0;31021000;100000;10974000;0.0;38065000.0;0.0;1.0;0.0
CLPR496;47743000;1410000.0;32027000.0;16673000.0;68875000;1839000;15716000;0.0;79361000.0;2.0;3.0;0.0
CLPR497;158702000;3698000.0;44252000.0;56794000.0;36918000;1221000;114450000;0.0;68258000.0;3.0;5.0;1.0
CLPR498;198520000;3476000.0;120920000.0;;0;663000;67878000;9722000.0;40531000.0;4.0;2.0;1.0
CLPR499;23292000;109000.0;12820000.0;2437000.0;22182000;30000;4801000;5671000.0;38210000.0;11.0;3.0;0.0
CLPR500;18240000;148000.0;16555000.0;1619000.0;20371000;0;1685000;0.0;26804000.0;8.0;4.0;0.0
CLPR501;37955000;2289000.0;28188000.0;16174000.0;0;654000;9767000;0.0;44552000.0;3.0;5.0;0.0
CLPR502;93085520;-516970.0;88445440.0;;23855160;137770;4640080;0.0;26884920.0;4.0;6.0;0.0
CLPR503;14759000;738000.0;6622000.0;313000.0;23931000;89000;8137000;0.0;38091000.0;3.0;6.0;0.0
CLPR504;8524000;229000.0;4641000.0;5067000.0;17470000;0;3883000;0.0;21643000.0;6.0;3.0;0.0
CLPR505;43909000;-3740000.0;16631000.0;13022000.0;45105000;229000;9474000;17804000.0;72000000.0;7.0;5.0;0.0
CLPR506;29836000;1974000.0;22501000.0;239000.0;17600000;26000;7335000;0.0;32266000.0;7.0;1.0;0.0
CLPR507;5691000;427000.0;4390000.0;2979000.0;24394000;238000;1301000;0.0;31881000.0;6.0;3.0;0.0
CLPR508;49199000;2371000.0;38786000.0;22451000.0;62018000;2000;10413000;0.0;82906000.0;11.0;6.0;0.0
CLPR509;3223000;34000.0;3126000.0;1749000.0;0;0;97000;0.0;2595000.0;2.0;2.0;1.0
CLPR510;52106000;135000.0;45432000.0;8237000.0;52140000;0;6674000;0.0;70546000.0;4.0;1.0;0.0
CLPR511;28542000;1078000.0;13887000.0;2842000.0;58363000;114000;14655000;0.0;71309000.0;1.0;6.0;0.0
CLPR512;13449000;278000.0;12787000.0;154000.0;29905000;0;662000;0.0;34232000.0;2.0;3.0;0.0
CLPR513;176056000;4423000.0;9955000.0;;0;7000;104767000;61334000.0;12734000.0;5.0;3.0;0.0
CLPR514;17759000;2691000.0;8180000.0;4474000.0;27172000;118000;9579000;0.0;42749000.0;10.0;4.0;0.0
CLPR515;72105000;610000.0;58365000.0;;0;0;252000;13488000.0;1371000.0;11.0;2.0;0.0
CLPR516;76719000;7008000.0;28363000.0;28163000.0;49629000;1487000;48356000;0.0;77334000.0;5.0;1.0;0.0
CLPR517;17190000;169000.0;7632000.0;343000.0;4346000;1615000;4822000;4736000.0;10368000.0;2.0;1.0;0.0
CLPR518;753938000;9005000.0;90987000.0;576688000.0;51340000;0;198922000;464029000.0;85326000.0;3.0;4.0;1.0
CLPR519;46009000;556000.0;22945000.0;23564000.0;26031000;0;21017000;2047000.0;31868000.0;2.0;2.0;1.0
CLPR520;695843000;736000.0;521309000.0;28918000.0;0;22736000;111367000;63167000.0;10132000.0;0.0;3.0;1.0
CLPR521;28630;4688.0;11431.0;12875.0;81451;2998;17199;0.0;101362.0;3.0;3.0;0.0
CLPR522;7065000;115000.0;5017000.0;2304000.0;26291000;713000;2048000;0.0;29175000.0;9.0;2.0;0.0
CLPR523;262396000;23341000.0;44685000.0;1938000.0;63305000;1709000;177711000;40000000.0;83469000.0;3.0;4.0;0.0
CLPR524;78572000;810000.0;69715000.0;12867000.0;22808000;8259000;7712000;1145000.0;38398000.0;4.0;6.0;1.0
CLPR525;21333000;1060000.0;6500000.0;8390000.0;36894000;73000;14833000;0.0;53607000.0;12.0;6.0;0.0
CLPR526;19446000;153000.0;9163000.0;12997000.0;63002000;40000;10283000;0.0;73817000.0;4.0;4.0;1.0
CLPR527;17044000;810000.0;-2640000.0;5575000.0;27825000;0;14186000;5498000.0;67678000.0;12.0;5.0;0.0
CLPR528;3446000;798000.0;2481000.0;67000.0;1927000;14000;619000;346000.0;10411000.0;3.0;1.0;0.0
CLPR529;26072000;535000.0;22181000.0;1782000.0;62067000;0;908000;2983000.0;67455000.0;11.0;1.0;0.0
CLPR530;45818000;209000.0;34345000.0;15405000.0;71001000;0;6181000;5292000.0;78690000.0;7.0;6.0;0.0
CLPR531;19261000;503000.0;2141000.0;2823000.0;20362000;15000;12827000;4293000.0;26807000.0;11.0;2.0;0.0
CLPR532;195018000;3374000.0;97689000.0;5665000.0;20815000;6400000;65191000;32138000.0;33247000.0;10.0;4.0;1.0
CLPR533;8262000;374000.0;2384000.0;445000.0;36249000;17000;5878000;0.0;39431000.0;3.0;3.0;0.0
CLPR534;22622000;64000.0;5171000.0;6294000.0;30503000;622000;12445000;5006000.0;42219000.0;1.0;4.0;0.0
CLPR535;339144000;125000.0;314110000.0;9000.0;0;0;1357000;23677000.0;14100000.0;8.0;6.0;1.0
CLPR536;109195000;1942000.0;75670000.0;36189000.0;31165000;2964000;31009000;2516000.0;66677000.0;8.0;2.0;1.0
CLPR537;66298000;636000.0;53435000.0;29999000.0;46438000;0;9987000;2876000.0;61146000.0;8.0;2.0;0.0
CLPR538;45367000;1459000.0;14293000.0;40492000.0;1121000;0;8288000;22786000.0;8252000.0;7.0;3.0;1.0
CLPR539;62767000;5328000.0;12393000.0;2101000.0;2378000;4482000;25626000;24748000.0;3456000.0;4.0;5.0;0.0
CLPR540;2354000;149000.0;1832000.0;;5758000;0;522000;0.0;7080000.0;9.0;2.0;0.0
CLPR541;42105000;541000.0;20285000.0;1946000.0;0;706000;6630000;15190000.0;58514000.0;5.0;2.0;0.0
CLPR542;26733000;217000.0;19937000.0;8989000.0;33335000;0;2507000;4289000.0;51379000.0;5.0;2.0;0.0
CLPR543;10831000;358000.0;6627000.0;6702000.0;14128000;224000;4204000;0.0;17160000.0;8.0;6.0;0.0
CLPR544;155072000;3885000.0;52423000.0;318000.0;0;112000;62169000;40480000.0;18429000.0;0.0;5.0;0.0
CLPR545;3605000;148000.0;1446000.0;150000.0;858000;9000;2159000;0.0;880000.0;2.0;6.0;0.0
CLPR546;15619000;1046000.0;7187000.0;;11792000;393000;8432000;0.0;17301000.0;2.0;6.0;0.0
CLPR547;9058000;1980000.0;6304000.0;6044000.0;0;322000;2754000;0.0;41362000.0;2.0;2.0;0.0
CLPR548;101305000;599000.0;40858000.0;;0;0;37351000;23096000.0;12300000.0;0.0;3.0;1.0
CLPR549;24147000;50000.0;17572000.0;13984000.0;41601000;95000;6575000;0.0;62721000.0;7.0;1.0;0.0
CLPR550;28776000;9420000.0;2901000.0;1393000.0;0;975000;16829000;9046000.0;26040000.0;7.0;2.0;0.0
CLPR551;2786000;106000.0;907000.0;572000.0;15801000;33000;1387000;492000.0;17557000.0;6.0;5.0;0.0
CLPR552;17665000;654000.0;13918000.0;7820000.0;0;647000;3747000;0.0;14856000.0;6.0;6.0;0.0
CLPR553;64622000;2265000.0;17177000.0;6003000.0;33836000;679000;47291000;154000.0;51436000.0;9.0;4.0;0.0
CLPR554;74084000;85000.0;69531000.0;;0;5000;4001000;552000.0;12859000.0;10.0;1.0;1.0
CLPR555;4616000;558000.0;1518000.0;13000.0;3872000;0;3098000;0.0;9613000.0;12.0;4.0;0.0
CLPR556;50653000;641000.0;10811000.0;5768000.0;43891000;76000;35099000;4743000.0;57729000.0;6.0;4.0;0.0
CLPR557;8442000;108000.0;2532000.0;3743000.0;33212000;1017000;4871000;1039000.0;35555000.0;10.0;3.0;0.0
CLPR558;37917000;916000.0;24767000.0;3288000.0;52661000;753000;10442000;2708000.0;70498000.0;2.0;3.0;0.0
CLPR559;73210000;892000.0;40960000.0;39119000.0;36728000;4736000;25306000;6944000.0;43217000.0;1.0;6.0;0.0
CLPR560;35402000;73000.0;16715000.0;12362000.0;63225000;16000;18687000;0.0;70492000.0;11.0;2.0;0.0
CLPR561;8952000;159000.0;3480000.0;302000.0;0;0;436000;5036000.0;12658000.0;12.0;1.0;0.0
CLPR562;26894000;223000.0;6666000.0;9184000.0;80115000;593000;20228000;0.0;89493000.0;5.0;6.0;0.0
CLPR563;31702000;383000.0;13323000.0;5825000.0;32977000;370000;13084000;5295000.0;47793000.0;4.0;5.0;0.0
CLPR564;17878000;6019000.0;9673000.0;;16407000;0;8205000;0.0;21103000.0;9.0;2.0;0.0
CLPR565;77115000;2634000.0;74415000.0;;3656000;0;600000;2100000.0;7174000.0;11.0;5.0;0.0
CLPR566;460295000;6645000.0;193078000.0;327000.0;0;616000;19017000;248200000.0;45539000.0;2.0;6.0;0.0
CLPR567;23559000;566000.0;12328000.0;6272000.0;27432000;251000;11231000;0.0;39061000.0;6.0;3.0;0.0
CLPR568;44046581;3843902.0;20413299.0;29805129.0;38762358;5250726;22923283;709999.0;48558230.0;6.0;4.0;1.0
CLPR569;123244000;627000.0;94891000.0;21227000.0;53524000;1844000;14893000;13460000.0;69532000.0;5.0;1.0;1.0
CLPR570;136598000;2035000.0;75815000.0;747000.0;0;2560000;28629000;32154000.0;36603000.0;1.0;1.0;0.0
CLPR571;33270000;1977000.0;22614000.0;3843000.0;32434000;311000;5727000;4929000.0;53339000.0;7.0;6.0;0.0
CLPR572;161580000;313000.0;71275000.0;;0;0;84997000;5308000.0;61000000.0;12.0;1.0;0.0
CLPR573;95684000;413000.0;35851000.0;15105000.0;47143000;0;59833000;0.0;75151000.0;5.0;6.0;1.0
CLPR574;26638000;582000.0;16087000.0;983000.0;53697000;28000;9157000;1394000.0;61630000.0;11.0;1.0;0.0
CLPR575;11733000;174000.0;2768000.0;3246000.0;10304000;17000;2283000;6682000.0;15221000.0;10.0;1.0;0.0
CLPR576;13414000;301000.0;10691000.0;;6945000;0;2723000;0.0;10408000.0;9.0;2.0;0.0
CLPR577;34153000;63000.0;30374000.0;;26194000;0;3779000;0.0;35429000.0;10.0;5.0;0.0
CLPR578;12141000;92000.0;6416000.0;2778000.0;8479000;470000;3427000;2298000.0;14069000.0;7.0;1.0;0.0
CLPR579;19580000;1734000.0;6424000.0;;0;0;13156000;0.0;1459000.0;2.0;3.0;0.0
CLPR580;37608000;206000.0;12548000.0;16042000.0;31701000;1160000;20060000;5000000.0;58666000.0;4.0;3.0;0.0
CLPR581;25152000;8227000.0;21117000.0;;7172000;14394000;4035000;0.0;36585000.0;3.0;1.0;1.0
CLPR582;7615000;176000.0;-1072000.0;4051000.0;44958000;12000;8687000;0.0;48083000.0;1.0;4.0;0.0
CLPR583;10952000;321000.0;4441000.0;6579000.0;40604000;11000;6454000;57000.0;48720000.0;7.0;6.0;0.0
CLPR584;36619000;334000.0;30339000.0;262000.0;2044000;1931000;6280000;0.0;29055000.0;2.0;4.0;1.0
CLPR585;13403000;360000.0;8724000.0;4869000.0;14561000;632000;4679000;0.0;21688000.0;3.0;2.0;0.0
CLPR586;120699000;804000.0;76963000.0;2675000.0;27969000;51000;37846000;5890000.0;51477000.0;2.0;4.0;0.0
CLPR587;9130000;131000.0;7894000.0;792000.0;5866000;1472000;650000;586000.0;10083000.0;2.0;4.0;1.0
CLPR588;17759000;2691000.0;8180000.0;4474000.0;27172000;118000;9579000;0.0;42749000.0;1.0;1.0;0.0
CLPR589;115777000;52000.0;67473000.0;63000.0;0;425000;7504000;40800000.0;5664000.0;8.0;4.0;0.0
CLPR590;107893000;322000.0;107770000.0;;0;0;123000;0.0;9196000.0;2.0;4.0;1.0
CLPR591;42126000;2066000.0;23700000.0;5355000.0;24270000;7581000;18426000;0.0;43155000.0;9.0;3.0;0.0
CLPR592;499771000;341000.0;490959000.0;6000.0;0;0;7879000;933000.0;35880000.0;9.0;6.0;1.0
CLPR593;16028000;641000.0;6801000.0;1000.0;4250000;71000;8490000;737000.0;6671000.0;2.0;2.0;1.0
CLPR594;93367000;245000.0;78845000.0;489000.0;0;0;1905000;12617000.0;8803000.0;11.0;3.0;1.0
CLPR595;4141000;812000.0;-5017000.0;430000.0;0;650000;9158000;0.0;63736000.0;12.0;3.0;0.0
CLPR596;42629000;1770000.0;28351000.0;18434000.0;22423000;0;10731000;3547000.0;34297000.0;7.0;1.0;1.0
CLPR597;16209000;675000.0;10493000.0;16000.0;0;0;55000;5661000.0;2436000.0;2.0;1.0;0.0
CLPR598;61985000;4107000.0;53081000.0;16658000.0;24285000;672000;8904000;0.0;34609000.0;1.0;1.0;0.0
CLPR599;36326000;192000.0;18261000.0;;1352000;7000;18065000;0.0;1583000.0;12.0;5.0;1.0
CLPR600;34694000;827000.0;16134000.0;3192000.0;29187000;62000;6568000;11992000.0;42188000.0;0.0;5.0;0.0
CLPR601;25838000;927000.0;21889000.0;7349000.0;19859000;0;3018000;931000.0;72596000.0;0.0;1.0;0.0
CLPR602;48290599;4029823.0;40335222.0;9185587.0;39027840;4101163;7955377;0.0;85114619.0;6.0;4.0;0.0
CLPR603;59660000;73000.0;6175000.0;11151000.0;31042000;4636000;53485000;0.0;45106000.0;1.0;3.0;0.0
CLPR604;76719000;7008000.0;28363000.0;28163000.0;49629000;1487000;48356000;0.0;77334000.0;11.0;4.0;0.0
CLPR605;99892000;1992000.0;61357000.0;24982000.0;7218000;5684000;19485000;19050000.0;40090000.0;6.0;5.0;0.0
CLPR606;29151000;712000.0;-614000.0;157000.0;52462000;0;29765000;0.0;59729000.0;5.0;1.0;0.0
CLPR607;149846000;1591000.0;126954000.0;10000000.0;0;88000;13737000;9155000.0;63104000.0;7.0;4.0;0.0
CLPR608;14733000;242000.0;9136000.0;2278000.0;19161000;152000;1470000;4127000.0;26019000.0;9.0;6.0;0.0
CLPR609;40748150;759230.0;33948500.0;19821500.0;31143000;209200;6799650;0.0;41550000.0;12.0;4.0;1.0
CLPR610;63481000;186000.0;58538000.0;;28187000;0;1126000;3817000.0;36699000.0;6.0;2.0;0.0
CLPR611;43982000;974000.0;29087000.0;755000.0;18135000;1028000;7891000;7004000.0;32709000.0;11.0;3.0;0.0
CLPR612;5696000;10000.0;4990000.0;;7209000;2788000;366000;340000.0;9713000.0;4.0;1.0;0.0
CLPR613;19335000;900000.0;11445000.0;2147000.0;45487000;1949000;4557000;3333000.0;49722000.0;6.0;5.0;0.0
CLPR614;40504000;4384000.0;34884000.0;12668000.0;67095000;0;5299000;321000.0;82860000.0;0.0;4.0;0.0
CLPR615;73335000;1245000.0;23656000.0;23320000.0;46955000;4976000;49679000;0.0;68385000.0;6.0;3.0;0.0
CLPR616;54678000;497000.0;35893000.0;15957000.0;25165000;393000;18785000;0.0;35292000.0;12.0;4.0;0.0
CLPR617;44427000;2152000.0;22599000.0;2983000.0;24564000;648000;2777000;19051000.0;45114000.0;5.0;5.0;0.0
CLPR618;190525000;615000.0;53546000.0;19757000.0;37804000;0;136979000;0.0;43630000.0;2.0;1.0;0.0
CLPR619;55950000;562000.0;26977000.0;1617000.0;16632000;87000;5618000;23355000.0;23841000.0;8.0;6.0;0.0
CLPR620;6521729000;91000.0;5106718000.0;;0;8000;221274000;1193737000.0;61614000.0;5.0;3.0;1.0
CLPR621;14311000;782000.0;8088000.0;3057000.0;22595000;153000;6223000;0.0;33871000.0;11.0;5.0;0.0
CLPR622;9030;344.0;7619.0;16.0;0;63;1151;260.0;2483.0;6.0;5.0;1.0
CLPR623;6156000;25000.0;4999000.0;2028000.0;15064000;350000;1157000;0.0;21690000.0;8.0;2.0;0.0
CLPR624;47107000;503000.0;30237000.0;1686000.0;38555000;2579000;13029000;3841000.0;45928000.0;11.0;3.0;0.0
CLPR625;34607000;17231000.0;17084000.0;6966000.0;66062000;461000;11135000;6388000.0;88204000.0;0.0;2.0;0.0
CLPR626;17267000;311000.0;7075000.0;12650000.0;7130000;0;10192000;0.0;34430000.0;12.0;3.0;0.0
CLPR627;60185000;2025000.0;46565000.0;94000.0;4040000;51000;13620000;0.0;4501000.0;9.0;3.0;1.0
CLPR628;14833000;901000.0;14717000.0;3678000.0;13182000;802000;116000;0.0;22195000.0;7.0;6.0;0.0
CLPR629;24199000;381000.0;22004000.0;3983000.0;29457000;4000;2195000;0.0;39489000.0;4.0;5.0;0.0
CLPR630;36219000;227000.0;34494000.0;;0;415000;833000;892000.0;3094000.0;4.0;2.0;0.0
CLPR631;17799000;1138000.0;3502000.0;1925000.0;44391000;1727000;12980000;1317000.0;50239000.0;0.0;3.0;0.0
CLPR632;27795000;17519000.0;12883000.0;3221000.0;54104000;7000;14912000;0.0;60650000.0;4.0;6.0;0.0
CLPR633;24331000;557000.0;21693000.0;168000.0;2043000;10000;2450000;188000.0;3145000.0;6.0;3.0;0.0
CLPR634;7615000;109000.0;6280000.0;;4850000;4299000;1335000;0.0;6622000.0;9.0;3.0;1.0
CLPR635;11929000;0.0;8222000.0;3838000.0;21109000;0;3707000;0.0;27063000.0;10.0;2.0;0.0
CLPR636;22179000;573000.0;12475000.0;16712000.0;27256000;202000;5751000;3953000.0;35057000.0;6.0;2.0;1.0
CLPR637;10022000;363000.0;8282000.0;7972000.0;17387000;0;1572000;168000.0;21171000.0;5.0;1.0;0.0
CLPR638;24776000;235000.0;18906000.0;4123000.0;20748000;0;5870000;0.0;25691000.0;10.0;5.0;0.0
CLPR639;160642000;6947000.0;28737000.0;128551000.0;5159000;498000;10067000;121838000.0;16414000.0;0.0;1.0;0.0
CLPR640;2786000;106000.0;907000.0;572000.0;15801000;33000;1387000;492000.0;17557000.0;10.0;1.0;0.0
CLPR641;3431209000;1.3e+17;3425677000.0;;0;10000;5497000;35000.0;14806000.0;0.0;5.0;0.0
CLPR642;26170000;354000.0;18027000.0;;0;0;403000;7740000.0;810000.0;11.0;6.0;0.0
CLPR643;20368000;2369000.0;8496000.0;4604000.0;0;3727000;11372000;500000.0;15848000.0;3.0;5.0;0.0
CLPR644;80915000;2826000.0;48660000.0;40438000.0;29144000;1895000;30155000;2100000.0;66537000.0;4.0;3.0;1.0
CLPR645;14081000;44000.0;6822000.0;2336000.0;10248000;584000;5650000;1609000.0;15220000.0;12.0;2.0;0.0
CLPR646;21521000;390000.0;16175000.0;5983000.0;45025000;181000;4124000;1222000.0;64396000.0;11.0;6.0;0.0
CLPR647;52146000;228000.0;50909000.0;1935000.0;22592000;0;674000;563000.0;40557000.0;4.0;5.0;0.0
CLPR648;39521000;227000.0;21917000.0;2076000.0;35101000;64000;7604000;10000000.0;51327000.0;8.0;4.0;0.0
CLPR649;57036000;13440000.0;30576000.0;;25334000;44000;26460000;0.0;40913000.0;12.0;6.0;0.0
CLPR650;4090000;229000.0;3025000.0;829000.0;3326000;3000;1047000;18000.0;5173000.0;2.0;6.0;0.0
CLPR651;25676000;4444000.0;15411000.0;8800000.0;2034000;1292000;10265000;0.0;32467000.0;6.0;6.0;1.0
CLPR652;29686000;1311000.0;12562000.0;2267000.0;3019000;3803000;15259000;1865000.0;22346000.0;3.0;3.0;1.0
CLPR653;42709000;244000.0;24294000.0;16054000.0;46778000;0;14955000;3460000.0;86299000.0;10.0;1.0;0.0
CLPR654;7627000;139000.0;-4798000.0;2788000.0;12011000;2010000;12425000;0.0;29782000.0;11.0;6.0;0.0
CLPR655;232368000;2624000.0;99045000.0;16815000.0;0;4921000;100464000;32859000.0;53898000.0;11.0;6.0;1.0
CLPR656;13309000;79000.0;11493000.0;;9335000;0;1148000;668000.0;14361000.0;7.0;6.0;0.0
CLPR657;120745000;-4654000.0;-13333000.0;;14522000;8143000;119078000;15000000.0;21125000.0;2.0;4.0;0.0
CLPR658;52027000;4241000.0;22859000.0;13950000.0;52228000;4037000;25803000;3365000.0;65264000.0;0.0;3.0;0.0
CLPR659;21631000;128000.0;3574000.0;1607000.0;3539000;1232000;14130000;3927000.0;4257000.0;8.0;2.0;0.0
CLPR660;52882000;3284000.0;42353000.0;;0;1000;568000;9961000.0;10018000.0;4.0;6.0;0.0
CLPR661;27148000;141000.0;23511000.0;7397000.0;30517000;83000;3637000;0.0;40726000.0;5.0;6.0;0.0
CLPR662;12110000;131000.0;6864000.0;4485000.0;15200000;0;5246000;0.0;19360000.0;12.0;2.0;0.0
CLPR663;102722000;147000.0;81804000.0;1180000.0;0;0;3918000;17000000.0;3987000.0;0.0;6.0;1.0
CLPR664;11320000;426000.0;5412000.0;286000.0;30778000;0;4685000;1223000.0;35255000.0;3.0;5.0;0.0
CLPR665;25763000;15000.0;17007000.0;6501000.0;35710000;3373000;5556000;3200000.0;44685000.0;2.0;5.0;0.0
CLPR666;12582000;98000.0;10248000.0;;0;0;1694000;640000.0;2448000.0;5.0;1.0;0.0
CLPR667;79859000;197000.0;75859000.0;;0;0;1333000;2667000.0;3623000.0;2.0;6.0;1.0
CLPR668;40722000;84000.0;-10068000.0;2948000.0;72924000;3965000;49030000;1760000.0;66880000.0;1.0;1.0;0.0
CLPR669;12180000;142000.0;2235000.0;4349000.0;42876000;2000;9560000;385000.0;51677000.0;6.0;1.0;0.0
CLPR670;52882000;3284000.0;42353000.0;;0;1000;568000;9961000.0;10018000.0;1.0;1.0;0.0
CLPR671;21631000;128000.0;3574000.0;1607000.0;3539000;1232000;14130000;3927000.0;4257000.0;4.0;4.0;1.0
CLPR672;45889000;6135000.0;13824000.0;23026000.0;55703000;0;32065000;0.0;84949000.0;4.0;3.0;0.0
CLPR673;29025000;63000.0;20804000.0;;14569000;735000;8221000;0.0;15895000.0;2.0;5.0;0.0
CLPR674;33355000;576000.0;21021000.0;7960000.0;44285000;958000;12334000;0.0;52884000.0;8.0;1.0;1.0
CLPR675;35437000;277000.0;8402000.0;11866000.0;46804000;1360000;27035000;0.0;57079000.0;1.0;2.0;0.0
CLPR676;30686000;1617000.0;17248000.0;9446000.0;61562000;0;13152000;286000.0;68642000.0;4.0;1.0;0.0
CLPR677;15625000;147000.0;11591000.0;26000.0;0;68000;1297000;2737000.0;2804000.0;7.0;6.0;0.0
CLPR678;41283000;259000.0;22504000.0;25010000.0;22399000;6137000;18779000;0.0;29003000.0;4.0;5.0;1.0
CLPR679;201406000;20857000.0;41439000.0;66427000.0;0;44525000;147488000;12479000.0;87528000.0;6.0;2.0;0.0
CLPR680;82890000;966000.0;60178000.0;1641000.0;3652000;0;22712000;0.0;10434000.0;7.0;3.0;1.0
CLPR681;47143000;3075000.0;31220000.0;30062000.0;12471000;6116000;15923000;0.0;20115000.0;7.0;5.0;1.0
CLPR682;12856000;912000.0;11851000.0;97000.0;34034000;0;919000;86000.0;37505000.0;7.0;6.0;0.0
CLPR683;5407000;1182000.0;4467000.0;1582000.0;33121000;317000;940000;0.0;36415000.0;9.0;1.0;0.0
CLPR684;104370000;2024000.0;86030000.0;34015000.0;30969000;3017000;15214000;3126000.0;59647000.0;1.0;4.0;1.0
CLPR685;27986000;1012000.0;15940000.0;11021000.0;58401000;49000;11825000;221000.0;65948000.0;9.0;6.0;0.0
CLPR686;58786000;288000.0;31010000.0;13507000.0;58496000;0;9378000;18398000.0;64597000.0;0.0;2.0;0.0
CLPR687;8510000;660000.0;7907000.0;901000.0;2179000;398000;603000;0.0;6014000.0;4.0;4.0;0.0
CLPR688;59590000;86000.0;40614000.0;;0;63000;11976000;7000000.0;940000.0;11.0;6.0;0.0
CLPR689;6696000;165000.0;2252000.0;620000.0;33905000;165000;4444000;0.0;36262000.0;1.0;1.0;0.0
CLPR690;93594000;425000.0;58438000.0;210000.0;15779000;10129000;35156000;0.0;26326000.0;2.0;1.0;0.0
CLPR691;5248000;7000.0;610000.0;2382000.0;10058000;0;4638000;0.0;10315000.0;0.0;6.0;0.0
CLPR692;66878000;4232000.0;33974000.0;;0;0;10990000;21914000.0;29142000.0;1.0;2.0;1.0
CLPR693;24325000;635000.0;15388000.0;18914000.0;0;168000;8937000;0.0;64052000.0;7.0;2.0;0.0
CLPR694;36398;143.0;;10138.0;18371;41;18181;8408.0;94330.0;3.0;3.0;0.0
CLPR695;5261000;148000.0;1396000.0;1741000.0;4772000;14000;3165000;700000.0;6455000.0;2.0;6.0;0.0
CLPR696;4192000;501000.0;2536000.0;;932000;95000;1656000;0.0;1973000.0;2.0;4.0;0.0
CLPR697;32958000;2281000.0;22862000.0;345000.0;57257000;0;3944000;6152000.0;63280000.0;8.0;6.0;0.0
CLPR698;58283000;1576000.0;-308000.0;2117000.0;39652000;1219000;58628000;-37000.0;58854000.0;11.0;5.0;0.0
CLPR699;227451000;185000.0;203118000.0;;0;0;4197000;20136000.0;4901000.0;10.0;1.0;1.0
CLPR700;8384000;393000.0;5822000.0;197000.0;33519000;0;2562000;0.0;36393000.0;2.0;6.0;0.0
CLPR701;96822000;2060000.0;-1723000.0;11428000.0;52037000;0;44705000;53840000.0;65024000.0;7.0;4.0;0.0
CLPR702;22940000;13000.0;13074000.0;5592000.0;34446000;0;9866000;0.0;39460000.0;3.0;6.0;0.0
CLPR703;9556000;435000.0;5200000.0;1929000.0;11176000;1589000;3456000;900000.0;14079000.0;6.0;5.0;0.0
CLPR704;39043000;213000.0;7173000.0;11621000.0;15284000;0;31870000;0.0;22613000.0;3.0;5.0;0.0
CLPR705;61849000;527000.0;5837000.0;21983000.0;31545000;873000;56012000;0.0;48414000.0;9.0;3.0;1.0
CLPR706;30686000;1617000.0;17248000.0;9446000.0;61562000;0;13152000;286000.0;68642000.0;0.0;3.0;0.0
CLPR707;35438000;1196000.0;32522000.0;11455000.0;8952000;1325000;2916000;0.0;15754000.0;2.0;3.0;1.0
CLPR708;39405000;1467000.0;20022000.0;16101000.0;34602000;3027000;19383000;0.0;52897000.0;0.0;3.0;0.0
CLPR709;95003000;662000.0;63689000.0;45732000.0;0;494000;15064000;16250000.0;34126000.0;10.0;2.0;1.0
CLPR710;34250000;856000.0;22796000.0;23864000.0;40107000;392000;11454000;0.0;53416000.0;10.0;5.0;1.0
CLPR711;9976000;411000.0;2218000.0;1595000.0;45654000;1201000;1412000;6346000.0;49904000.0;6.0;2.0;0.0
CLPR712;19161000;148000.0;14745000.0;4694000.0;56048000;484000;3796000;620000.0;67236000.0;3.0;4.0;0.0
CLPR713;10619000;22000.0;5883000.0;3209000.0;11487000;134000;4736000;0.0;21101000.0;9.0;6.0;0.0
CLPR714;62054000;2855000.0;14260000.0;18669000.0;45140000;2645000;34214000;13580000.0;85744000.0;10.0;4.0;0.0
CLPR715;11602000;224000.0;10124000.0;;9281000;6733000;1478000;0.0;12654000.0;12.0;1.0;0.0
CLPR716;20136000;2626000.0;7861000.0;;0;0;5252000;7023000.0;34600000.0;12.0;5.0;0.0
CLPR717;8525000;70000.0;2945000.0;2121000.0;41999000;211000;5580000;0.0;45742000.0;0.0;4.0;0.0
CLPR718;36994000;568000.0;28882000.0;6617000.0;18209000;3675000;4591000;3521000.0;26956000.0;3.0;1.0;0.0
CLPR719;32985000;75000.0;6627000.0;4920000.0;28484000;6000;26358000;0.0;31213000.0;6.0;1.0;0.0
CLPR720;2541000;304000.0;-1777000.0;85000.0;27213000;20000;4318000;0.0;27750000.0;8.0;2.0;0.0
CLPR721;59622000;29165000.0;19336000.0;4416000.0;37043000;199000;40286000;0.0;71706000.0;2.0;1.0;0.0
CLPR722;79596000;6410000.0;74212000.0;25502000.0;37281000;2550000;3168000;2216000.0;68568000.0;12.0;4.0;0.0
CLPR723;28560000;13000.0;21545000.0;6357000.0;45940000;19399000;7015000;0.0;49599000.0;9.0;6.0;0.0
CLPR724;63481000;186000.0;58538000.0;;28187000;0;1126000;3817000.0;36699000.0;1.0;3.0;0.0
CLPR725;19028000;1000.0;-496000.0;17835000.0;1581000;1177000;19524000;0.0;2432000.0;11.0;4.0;1.0
CLPR726;19928000;1641000.0;12083000.0;8911000.0;42500000;0;6362000;1483000.0;47740000.0;8.0;4.0;0.0
CLPR727;36082000;5000.0;26810000.0;12456000.0;44342000;0;9272000;0.0;54717000.0;4.0;6.0;0.0
CLPR728;142605000;791000.0;111504000.0;4551000.0;62032000;4122000;28297000;2804000.0;73608000.0;8.0;2.0;0.0
CLPR729;24902000;1707000.0;7691000.0;5879000.0;33091000;3993000;17211000;0.0;40148000.0;4.0;4.0;0.0
CLPR730;12291000;2722000.0;8193000.0;1214000.0;14324000;2000;4098000;0.0;18168000.0;7.0;6.0;0.0
CLPR731;35738000;65000.0;24692000.0;148000.0;6815000;0;3749000;7297000.0;16562000.0;1.0;1.0;0.0
CLPR732;29508000;1626000.0;1812000.0;6782000.0;12144000;3405000;27696000;0.0;26541000.0;4.0;2.0;0.0
CLPR733;46573000;1359000.0;11311000.0;250000.0;52367000;217000;30103000;5159000.0;67779000.0;4.0;6.0;0.0
CLPR734;60755000;19273000.0;18336000.0;30508000.0;42968000;0;3504000;38915000.0;60144000.0;11.0;3.0;0.0
CLPR735;17008000;2985000.0;15208000.0;3297000.0;61928000;0;1800000;0.0;66589000.0;6.0;6.0;0.0
CLPR736;104508000;1253000.0;72814000.0;15835000.0;46308000;378000;13326000;18368000.0;65099000.0;11.0;2.0;0.0
CLPR737;137700000;20706000.0;129641000.0;686000.0;1172000;0;8059000;0.0;29306000.0;9.0;2.0;0.0
CLPR738;12926000;971000.0;10741000.0;5925000.0;71738000;13000;2185000;0.0;78681000.0;7.0;2.0;0.0
CLPR739;17804000;796000.0;10094000.0;9998000.0;15835000;251000;7710000;0.0;21758000.0;6.0;6.0;1.0
CLPR740;5622000;994000.0;2797000.0;;5396000;768000;2825000;0.0;10285000.0;10.0;3.0;0.0
CLPR741;36751000;1447000.0;22663000.0;3474000.0;21569000;3880000;8916000;5172000.0;45726000.0;3.0;3.0;0.0
CLPR742;20786000;51000.0;16811000.0;17619000.0;19234000;2097000;3975000;0.0;25794000.0;4.0;5.0;1.0
CLPR743;24886000;110000.0;21026000.0;460000.0;7633000;3982000;1620000;2240000.0;12840000.0;12.0;5.0;0.0
CLPR744;28243000;152000.0;22154000.0;17831000.0;0;1326000;4065000;2024000.0;31937000.0;4.0;2.0;1.0
CLPR745;67296000;438000.0;43340000.0;38740000.0;59524000;835000;23956000;0.0;78331000.0;10.0;1.0;1.0
CLPR746;7101000;1145000.0;3594000.0;1074000.0;0;161000;351000;3156000.0;5663000.0;2.0;3.0;0.0
CLPR747;8483000;790000.0;3091000.0;3830000.0;0;138000;5392000;0.0;49756000.0;10.0;1.0;0.0
CLPR748;28175000;8000.0;27219000.0;4398000.0;0;826000;956000;0.0;20293000.0;12.0;3.0;1.0
CLPR749;44058000;150000.0;18982000.0;10817000.0;69171000;0;15965000;9111000.0;80215000.0;5.0;5.0;0.0
CLPR750;61288000;1093000.0;28756000.0;12942000.0;36193000;19000;32532000;0.0;46408000.0;9.0;2.0;1.0
CLPR751;39431000;2693000.0;36054000.0;664000.0;28183000;0;877000;2500000.0;33683000.0;4.0;6.0;0.0
CLPR752;27892000;214000.0;9653000.0;6651000.0;46450000;26000;13605000;4634000.0;56571000.0;0.0;6.0;0.0
CLPR753;53638000;1258000.0;21367000.0;20479000.0;56915000;464000;32271000;0.0;79366000.0;12.0;5.0;0.0
CLPR754;37980000;2595000.0;15140000.0;5455000.0;36671000;175000;11421000;11419000.0;45956000.0;0.0;4.0;0.0
CLPR755;23872000;339000.0;17257000.0;5074000.0;27104000;49000;5099000;1516000.0;30551000.0;11.0;6.0;0.0
CLPR756;96122000;3912000.0;57419000.0;21223000.0;55261000;5252000;33653000;5050000.0;85451000.0;7.0;6.0;0.0
CLPR757;28300000;1589000.0;15020000.0;8062000.0;73637000;141000;13280000;0.0;86461000.0;5.0;3.0;0.0
CLPR758;40659000;469000.0;25070000.0;5695000.0;21826000;336000;6499000;9090000.0;33926000.0;5.0;1.0;0.0
CLPR759;59668000;1783000.0;32351000.0;6095000.0;50128000;3171000;27317000;0.0;67797000.0;7.0;4.0;0.0
CLPR760;62867000;396000.0;3317000.0;294000.0;0;1629000;42145000;17405000.0;20821000.0;3.0;4.0;0.0
CLPR761;58981000;554000.0;32396000.0;573000.0;14447000;1586000;10390000;16195000.0;23451000.0;2.0;1.0;0.0
CLPR762;74222000;0.0;36845000.0;17260000.0;24789000;1598000;35324000;2053000.0;48821000.0;5.0;5.0;0.0
CLPR763;23635000;424000.0;10889000.0;9617000.0;56863000;0;12606000;140000.0;75601000.0;5.0;5.0;0.0
CLPR764;69530000;450000.0;41175000.0;29960000.0;47723000;603000;25955000;2400000.0;77257000.0;3.0;6.0;0.0
CLPR765;42632000;1395000.0;30284000.0;7357000.0;37459000;45000;5951000;6397000.0;53699000.0;6.0;2.0;0.0
CLPR766;4345000;80000.0;2182000.0;1211000.0;3089000;0;2163000;0.0;5497000.0;11.0;2.0;1.0
CLPR767;201406000;20857000.0;41439000.0;66427000.0;0;44525000;147488000;12479000.0;87528000.0;0.0;3.0;1.0
CLPR768;75147000;3106000.0;68155000.0;6376000.0;0;0;6992000;0.0;41579000.0;5.0;6.0;1.0
CLPR769;68186000;3283000.0;56825000.0;20025000.0;42550000;2650000;7101000;4260000.0;75107000.0;2.0;2.0;0.0
CLPR770;28400000;626000.0;23170000.0;4223000.0;46728000;463000;5230000;0.0;65684000.0;8.0;4.0;0.0
CLPR771;480312000;2353000.0;468977000.0;4233000.0;21555000;845000;11335000;0.0;54332000.0;7.0;1.0;0.0
CLPR772;26848000;839000.0;16829000.0;9950000.0;27903000;503000;6223000;3796000.0;34013000.0;2.0;6.0;0.0
CLPR773;72239000;249000.0;31256000.0;3275000.0;32828000;5875000;40983000;0.0;51038000.0;7.0;3.0;0.0
CLPR774;102885000;1138000.0;62086000.0;1374000.0;8999000;0;5864000;34935000.0;21985000.0;2.0;3.0;0.0
CLPR775;21408000;14000.0;5124000.0;;0;0;749000;15535000.0;2543000.0;3.0;3.0;0.0
CLPR776;29227000;1445000.0;15067000.0;10773000.0;27788000;862000;14160000;0.0;49887000.0;6.0;2.0;0.0
CLPR777;27770000;620000.0;10615000.0;386000.0;21644000;53000;2155000;15000000.0;23284000.0;1.0;6.0;0.0
CLPR778;19684000;467000.0;17005000.0;101000.0;0;49000;413000;2266000.0;8744000.0;6.0;5.0;0.0
CLPR779;14452000;9462000.0;11477000.0;616000.0;80640000;0;2975000;0.0;84725000.0;8.0;3.0;0.0
CLPR780;41134000;166000.0;33615000.0;6776000.0;74850000;6000;7022000;497000.0;89084000.0;11.0;6.0;0.0
CLPR781;8613000;553000.0;1854000.0;25000.0;438000;5100000;6759000;0.0;147000.0;4.0;6.0;1.0
CLPR782;22530000;1547000.0;10002000.0;10205000.0;19839000;1311000;12528000;0.0;32867000.0;7.0;6.0;0.0
CLPR783;2897000;9000.0;1208000.0;;0;263000;1068000;621000.0;3919000.0;5.0;4.0;0.0
CLPR784;8406000;223000.0;729000.0;326000.0;4448000;0;6455000;1222000.0;7064000.0;6.0;3.0;0.0
CLPR785;160895000;52000.0;154333000.0;40000.0;0;433000;4855000;1707000.0;8221000.0;2.0;4.0;1.0
CLPR786;47813000;3876000.0;16925000.0;12792000.0;66628000;205000;30888000;0.0;88668000.0;3.0;5.0;0.0
CLPR787;7153000;376000.0;6545000.0;888000.0;3456000;0;608000;0.0;5086000.0;9.0;2.0;0.0
CLPR788;43091000;1000.0;37115000.0;;63000;0;576000;5400000.0;9000.0;1.0;5.0;1.0
CLPR789;137700000;20706000.0;129641000.0;686000.0;1172000;0;8059000;0.0;29306000.0;3.0;2.0;0.0
CLPR790;40311000;649000.0;32943000.0;5638000.0;23487000;56000;7368000;0.0;31072000.0;9.0;5.0;0.0
CLPR791;115617000;2929000.0;58892000.0;432000.0;0;26833000;17095000;39630000.0;12725000.0;9.0;6.0;0.0
CLPR792;20637000;2426000.0;3883000.0;13224000.0;35848000;192000;15087000;1667000.0;50059000.0;2.0;2.0;0.0
CLPR793;79706000;1069000.0;44284000.0;7606000.0;62372000;0;29577000;5845000.0;72661000.0;12.0;6.0;0.0
CLPR794;10457000;16000.0;10182000.0;1370000.0;4248000;100000;275000;0.0;7851000.0;6.0;6.0;0.0
CLPR795;47838000;468000.0;11038000.0;15500000.0;44417000;0;35608000;1192000.0;57676000.0;5.0;5.0;0.0
CLPR796;44968000;551000.0;26294000.0;;6998000;0;5631000;13043000.0;12902000.0;12.0;1.0;0.0
CLPR797;20410000;66000.0;18790000.0;9399000.0;0;0;1620000;0.0;15312000.0;2.0;4.0;1.0
CLPR798;22533000;479000.0;8332000.0;1344000.0;17201000;2618000;5094000;9107000.0;44944000.0;5.0;5.0;0.0
CLPR799;43794000;71000.0;20774000.0;963000.0;0;737000;23020000;0.0;5151000.0;12.0;4.0;1.0
CLPR800;36919000;516000.0;23581000.0;2059000.0;23350000;617000;13338000;0.0;34198000.0;9.0;5.0;0.0
CLPR801;59478000;405000.0;55707000.0;;15025000;2026000;3071000;700000.0;21956000.0;5.0;3.0;0.0
CLPR802;8991000;451000.0;7178000.0;2227000.0;10675000;632000;1813000;0.0;17118000.0;4.0;1.0;0.0
CLPR803;15542000;771000.0;8092000.0;6628000.0;32248000;51000;7450000;0.0;53784000.0;8.0;2.0;0.0
CLPR804;14936000;262000.0;11218000.0;1459000.0;12333000;0;2822000;896000.0;18220000.0;9.0;3.0;0.0
CLPR805;21125000;313000.0;20315000.0;985000.0;4097000;113000;810000;0.0;15177000.0;0.0;4.0;0.0
CLPR806;20509000;50000.0;1060000.0;2369000.0;0;3771000;17195000;2254000.0;39596000.0;6.0;5.0;0.0
CLPR807;48762000;119000.0;40581000.0;4510000.0;62307000;610000;7464000;717000.0;70599000.0;1.0;5.0;0.0
CLPR808;114573000;1598000.0;55261000.0;9082000.0;42701000;9482000;56131000;3181000.0;64190000.0;8.0;2.0;0.0
CLPR809;40748150;759230.0;33948500.0;19821500.0;31143000;209200;6799650;0.0;41550000.0;4.0;3.0;1.0
CLPR810;13414000;301000.0;10691000.0;;6945000;0;2723000;0.0;10408000.0;9.0;5.0;0.0
CLPR811;74739000;3100000.0;57537000.0;1777000.0;24029000;4170000;10919000;6283000.0;28959000.0;8.0;5.0;0.0
CLPR812;32487000;79000.0;29793000.0;;2133000;808000;1237000;1457000.0;4482000.0;3.0;3.0;0.0
CLPR813;29535000;-576000.0;4745000.0;2088000.0;13448000;53000;10003000;14787000.0;23879000.0;3.0;2.0;0.0
CLPR814;14670000;153000.0;4365000.0;2816000.0;18793000;9000;10305000;0.0;23134000.0;4.0;4.0;0.0
CLPR815;31252000;1556000.0;7641000.0;;21041000;31000;7929000;15682000.0;27496000.0;3.0;1.0;0.0
CLPR816;17289000;106000.0;5396000.0;514000.0;20668000;579000;10133000;1760000.0;25316000.0;1.0;6.0;0.0
CLPR817;63977000;486000.0;42887000.0;15648000.0;44490000;1543000;16448000;4642000.0;52165000.0;8.0;2.0;1.0
CLPR818;805063000;22319000.0;142936000.0;703237000.0;47363000;0;662127000;0.0;79784000.0;7.0;4.0;1.0
CLPR819;66878000;4232000.0;33974000.0;;0;0;10990000;21914000.0;29142000.0;12.0;2.0;1.0
CLPR820;3148000;80000.0;1783000.0;741000.0;7671000;6000;1365000;0.0;14496000.0;1.0;4.0;0.0
CLPR821;57498000;4234000.0;46582000.0;;55172000;295000;8424000;2492000.0;67157000.0;3.0;2.0;0.0
CLPR822;29756000;1282000.0;25011000.0;2843000.0;27266000;0;4745000;0.0;58044000.0;6.0;6.0;0.0
CLPR823;51719000;908000.0;8735000.0;9300000.0;61712000;4661000;40934000;2050000.0;85328000.0;7.0;2.0;0.0
CLPR824;20707000;1058000.0;16047000.0;2931000.0;0;2420000;4660000;0.0;53546000.0;6.0;1.0;0.0
CLPR825;5691000;427000.0;4390000.0;2979000.0;24394000;238000;1301000;0.0;31881000.0;4.0;5.0;0.0
CLPR826;41777000;3400000.0;29323000.0;23148000.0;47636000;1218000;12264000;190000.0;60463000.0;10.0;3.0;0.0
CLPR827;24024000;147000.0;13550000.0;4770000.0;9583000;400000;4513000;5961000.0;18930000.0;12.0;3.0;0.0
CLPR828;13424000;175000.0;6589000.0;1014000.0;14957000;2356000;6835000;0.0;19928000.0;8.0;1.0;0.0
CLPR829;6060000;356000.0;1746000.0;123000.0;44226000;58000;3289000;1025000.0;50373000.0;10.0;5.0;0.0
CLPR830;11721000;228000.0;4363000.0;174000.0;0;8000;5825000;1533000.0;2667000.0;9.0;1.0;0.0
CLPR831;17394000;50000.0;5283000.0;717000.0;31964000;698000;10133000;1978000.0;39285000.0;10.0;2.0;0.0
CLPR832;434097000;32270000.0;187152000.0;10788000.0;1733000;811000;47693000;199252000.0;40754000.0;0.0;2.0;0.0
CLPR833;722319000;42634000.0;220107000.0;;40154000;0;502212000;0.0;21977000.0;5.0;3.0;0.0
CLPR834;8598000;134000.0;4738000.0;200000.0;0;0;87000;3773000.0;2607000.0;12.0;3.0;0.0
CLPR835;15567000;1156000.0;15142000.0;3525000.0;2558000;146000;425000;0.0;13360000.0;3.0;2.0;0.0
CLPR836;11854000;637000.0;8051000.0;;7443000;509000;3470000;333000.0;23425000.0;3.0;6.0;0.0
CLPR837;50707000;368000.0;19257000.0;15374000.0;51462000;1285000;31450000;0.0;70144000.0;9.0;3.0;0.0
CLPR838;24569000;424000.0;10243000.0;;23606000;0;14326000;0.0;39655000.0;3.0;4.0;0.0
CLPR839;26591000;1647000.0;10715000.0;4432000.0;30053000;1071000;15876000;0.0;54036000.0;4.0;5.0;0.0
CLPR840;82060000;4094000.0;20429000.0;536000.0;15279000;239000;58095000;3536000.0;24765000.0;9.0;5.0;0.0
CLPR841;226740000;1050000.0;37561000.0;127845000.0;58866000;17605000;134264000;54915000.0;85746000.0;3.0;3.0;1.0
CLPR842;38357000;97000.0;20522000.0;7997000.0;33594000;7707000;14498000;3337000.0;39247000.0;4.0;4.0;0.0
CLPR843;21116000;133000.0;9844000.0;6969000.0;32855000;520000;11272000;0.0;56507000.0;4.0;6.0;0.0
CLPR844;43784000;12132000.0;23744000.0;3602000.0;0;0;7342000;12698000.0;8419000.0;12.0;1.0;0.0
CLPR845;7648000;663000.0;4973000.0;1147000.0;37628000;1450000;2675000;0.0;40863000.0;5.0;4.0;0.0
CLPR846;5818000;41000.0;3965000.0;2888000.0;55442000;0;1808000;45000.0;61302000.0;4.0;5.0;0.0
CLPR847;82658000;2939000.0;38582000.0;24223000.0;64535000;1063000;44076000;0.0;85253000.0;3.0;6.0;0.0
CLPR848;93324000;549000.0;75697000.0;15902000.0;0;20394000;17627000;0.0;75874000.0;5.0;2.0;0.0
CLPR849;10285000;454000.0;7629000.0;1472000.0;45823000;0;1406000;1250000.0;50985000.0;3.0;4.0;0.0
CLPR850;27019000;44000.0;17837000.0;2085000.0;18668000;610000;9182000;0.0;30844000.0;6.0;5.0;0.0
CLPR851;3489000;-69000.0;1061000.0;3179000.0;0;0;1774000;654000.0;1886000.0;6.0;2.0;0.0
CLPR852;58917000;8731000.0;11479000.0;30538000.0;0;3387000;47280000;158000.0;89475000.0;5.0;6.0;0.0
CLPR853;156339000;184000.0;95537000.0;40902000.0;61530000;34000;54961000;5841000.0;69466000.0;2.0;3.0;0.0
CLPR854;16554000;389000.0;4206000.0;704000.0;0;4000;5410000;6938000.0;50843000.0;3.0;5.0;0.0
CLPR855;7236000;59000.0;2665000.0;2363000.0;46035000;1648000;3405000;1166000.0;50263000.0;7.0;6.0;0.0
CLPR856;15531000;26000.0;7940000.0;12267000.0;32339000;0;7591000;0.0;38820000.0;1.0;2.0;0.0
CLPR857;21681000;654000.0;7947000.0;1027000.0;12494000;50000;12180000;1554000.0;22428000.0;3.0;6.0;0.0
CLPR858;6286000;743000.0;1664000.0;686000.0;0;1528000;1322000;3300000.0;17113000.0;3.0;2.0;0.0
CLPR859;7631000;124000.0;-1928000.0;415000.0;0;184000;9559000;0.0;33595000.0;7.0;3.0;0.0
CLPR860;14626000;2969000.0;10841000.0;7159000.0;70930000;9000;3785000;0.0;77826000.0;2.0;2.0;0.0
CLPR861;28533000;13828000.0;15593000.0;352000.0;43714000;10000;6945000;5995000.0;54255000.0;0.0;6.0;0.0
CLPR862;3446000;798000.0;2481000.0;67000.0;1927000;14000;619000;346000.0;10411000.0;11.0;4.0;0.0
CLPR863;70620000;791000.0;49105000.0;2831000.0;31441000;145000;8636000;12879000.0;54627000.0;12.0;5.0;0.0
CLPR864;25644000;84000.0;15151000.0;7814000.0;50297000;275000;10493000;0.0;55405000.0;2.0;6.0;0.0
CLPR865;452108000;122000.0;233899000.0;;0;3941000;20544000;197665000.0;1095000.0;11.0;6.0;1.0
CLPR866;9552000;1879000.0;9499000.0;;0;0;53000;0.0;21000.0;3.0;5.0;0.0
CLPR867;8819000;1353000.0;3754000.0;;17574000;57000;5065000;0.0;20731000.0;12.0;4.0;0.0
CLPR868;36987000;532000.0;12558000.0;1250000.0;5532000;1154000;12121000;12308000.0;3678000.0;10.0;1.0;1.0
CLPR869;42113000;567000.0;31265000.0;16831000.0;0;78000;10848000;0.0;62377000.0;3.0;5.0;0.0
CLPR870;44102000;679000.0;21508000.0;;0;33141000;22594000;0.0;8317000.0;3.0;1.0;1.0
CLPR871;26425000;1610000.0;20660000.0;3633000.0;7459000;0;5765000;0.0;14786000.0;9.0;6.0;0.0
CLPR872;195018000;3374000.0;97689000.0;5665000.0;20815000;6400000;65191000;32138000.0;33247000.0;2.0;1.0;1.0
CLPR873;55075000;7016000.0;43337000.0;25824000.0;55859000;7965000;11738000;0.0;67836000.0;4.0;5.0;0.0
CLPR874;24370000;236000.0;3299000.0;999000.0;16230000;50000;11188000;9883000.0;41214000.0;8.0;1.0;0.0
CLPR875;10106000;2111000.0;5030000.0;1432000.0;31611000;847000;5076000;0.0;35036000.0;5.0;5.0;0.0
CLPR876;29235000;193000.0;9390000.0;1786000.0;30869000;31000;19402000;443000.0;47763000.0;10.0;3.0;0.0
CLPR877;106613000;3100000.0;58187000.0;1075000.0;0;120000;3211000;45215000.0;37748000.0;3.0;1.0;0.0
CLPR878;42366000;25000.0;26581000.0;;0;180000;6672000;9113000.0;28990000.0;9.0;6.0;0.0
CLPR879;6965000;466000.0;3452000.0;881000.0;6163000;330000;3310000;203000.0;10748000.0;3.0;2.0;0.0
CLPR880;36706000;592000.0;20873000.0;14940000.0;57750000;22000;14985000;848000.0;66633000.0;3.0;6.0;0.0
CLPR881;70378000;6813000.0;44938000.0;1133000.0;49029000;472000;21647000;3793000.0;65080000.0;12.0;1.0;0.0
CLPR882;21295000;113000.0;14461000.0;6156000.0;21016000;203000;6659000;175000.0;27156000.0;7.0;4.0;0.0
CLPR883;25752000;1606000.0;18883000.0;16148000.0;21713000;13000;6869000;0.0;32578000.0;4.0;4.0;0.0
CLPR884;25393000;1382000.0;22473000.0;2797000.0;5390000;86000;2920000;0.0;21508000.0;5.0;4.0;1.0
CLPR885;13266000;40000.0;6429000.0;7481000.0;67097000;0;6523000;314000.0;73031000.0;11.0;5.0;0.0
CLPR886;156307000;2111000.0;28234000.0;39216000.0;2614000;5181000;93951000;34122000.0;79132000.0;2.0;6.0;0.0
CLPR887;8427000;1819000.0;687000.0;2998000.0;39528000;0;5744000;1996000.0;43113000.0;7.0;5.0;0.0
CLPR888;36747000;238000.0;19159000.0;13789000.0;35047000;443000;15578000;2010000.0;59426000.0;11.0;3.0;0.0
CLPR889;29011000;234000.0;21323000.0;;83009000;0;6140000;1548000.0;86468000.0;7.0;4.0;0.0
CLPR890;32846000;56000.0;30454000.0;;9812000;742000;2392000;0.0;14641000.0;7.0;4.0;1.0
CLPR891;5743000;349000.0;4940000.0;4398000.0;2043000;149000;803000;0.0;5048000.0;0.0;3.0;1.0
CLPR892;22972000;8000.0;19897000.0;;671000;230000;367000;2708000.0;4862000.0;8.0;4.0;0.0
CLPR893;25651000;1017000.0;16461000.0;3975000.0;28637000;1411000;6874000;2316000.0;41378000.0;0.0;1.0;0.0
CLPR894;17062000;368000.0;10013000.0;1146000.0;27234000;440000;6431000;618000.0;37662000.0;3.0;4.0;0.0
CLPR895;36619000;334000.0;30339000.0;262000.0;2044000;1931000;6280000;0.0;29055000.0;3.0;1.0;1.0
CLPR896;105297000;18472000.0;62568000.0;19473000.0;40954000;0;38709000;4020000.0;68611000.0;1.0;1.0;1.0
CLPR897;25449203;728544.0;5563955.0;21781595.0;39976500;0;19885248;0.0;54788651.0;4.0;1.0;0.0
CLPR898;20761000;702000.0;9536000.0;5600000.0;52859000;367000;7725000;3500000.0;60843000.0;3.0;4.0;0.0
CLPR899;7558000;170000.0;4228000.0;1505000.0;3007000;292000;3330000;0.0;3728000.0;0.0;4.0;1.0
CLPR900;8381000;583000.0;7393000.0;546000.0;0;35000;988000;0.0;22729000.0;4.0;6.0;0.0
CLPR901;25054000;1246000.0;11253000.0;15157000.0;13915000;1870000;13801000;0.0;30327000.0;8.0;5.0;0.0
CLPR902;29404000;238000.0;11787000.0;21157000.0;29602000;205000;17117000;500000.0;36717000.0;7.0;4.0;0.0
CLPR903;11756000;387000.0;-2445000.0;2464000.0;27002000;55000;6218000;7983000.0;34337000.0;8.0;6.0;0.0
CLPR904;60727000;9122000.0;40809000.0;7508000.0;22769000;0;10111000;9807000.0;53205000.0;9.0;5.0;0.0
CLPR905;17304000;327000.0;15232000.0;;0;0;804000;1268000.0;8676000.0;12.0;4.0;0.0
CLPR906;111720000;15733000.0;31515000.0;23709000.0;81063000;1516000;73824000;6381000.0;84029000.0;6.0;6.0;0.0
CLPR907;42366000;25000.0;26581000.0;;0;180000;6672000;9113000.0;28990000.0;4.0;3.0;1.0
CLPR908;17464000;1719000.0;15685000.0;11936000.0;39367000;902000;1779000;0.0;61035000.0;2.0;3.0;0.0
CLPR909;52889000;3494000.0;23726000.0;6078000.0;32662000;45000;29163000;0.0;57218000.0;0.0;6.0;0.0
CLPR910;44896000;211000.0;43746000.0;428000.0;0;0;1150000;0.0;1197000.0;3.0;2.0;1.0
CLPR911;9052000;89000.0;5620000.0;1178000.0;13750000;36000;3432000;0.0;17014000.0;7.0;5.0;0.0
CLPR912;48410000;0.0;18344000.0;22696000.0;54163000;557000;28262000;1804000.0;83978000.0;6.0;3.0;0.0
CLPR913;43653000;413000.0;8038000.0;12112000.0;51338000;1920000;35615000;0.0;72160000.0;11.0;3.0;0.0
CLPR914;69530000;450000.0;41175000.0;29960000.0;47723000;603000;25955000;2400000.0;77257000.0;2.0;4.0;0.0
CLPR915;419520000;127000.0;111981000.0;35029000.0;23351000;7803000;301584000;5955000.0;26053000.0;2.0;3.0;1.0
CLPR916;22761000;442000.0;5914000.0;3084000.0;43384000;152000;14741000;2106000.0;60504000.0;11.0;2.0;0.0
CLPR917;953577000;11647000.0;909903000.0;6524000.0;11639000;2172000;15464000;28210000.0;70389000.0;5.0;1.0;0.0
CLPR918;32455000;227000.0;10284000.0;13503000.0;51261000;659000;22031000;140000.0;67856000.0;8.0;4.0;0.0
CLPR919;198520000;3476000.0;120920000.0;;0;663000;67878000;9722000.0;40531000.0;8.0;3.0;1.0
CLPR920;25474000;150000.0;11618000.0;4405000.0;36610000;13000;7842000;6014000.0;41353000.0;0.0;2.0;0.0
CLPR921;8870000;440000.0;2440000.0;1579000.0;17325000;765000;6430000;0.0;24347000.0;11.0;5.0;0.0
CLPR922;41134000;166000.0;33615000.0;6776000.0;74850000;6000;7022000;497000.0;89084000.0;3.0;3.0;0.0
CLPR923;73784000;692000.0;68770000.0;659000.0;0;0;4894000;120000.0;6203000.0;7.0;6.0;0.0
CLPR924;32012000;2389000.0;29693000.0;7856000.0;5250000;4509000;2319000;0.0;18100000.0;1.0;2.0;1.0
CLPR925;13380000;989000.0;10083000.0;3002000.0;2349000;10000;3041000;256000.0;33900000.0;9.0;3.0;0.0
CLPR926;23771000;2160000.0;8495000.0;3149000.0;2052000;0;5802000;9474000.0;10699000.0;12.0;4.0;0.0
CLPR927;63549000;2665000.0;63546000.0;687000.0;19269000;394000;3000;0.0;26124000.0;0.0;6.0;0.0
CLPR928;20368000;2369000.0;8496000.0;4604000.0;0;3727000;11372000;500000.0;15848000.0;5.0;6.0;0.0
CLPR929;31962000;2952000.0;19699000.0;1818000.0;32163000;370000;11429000;834000.0;48869000.0;9.0;4.0;0.0
CLPR930;34575000;10499000.0;13654000.0;14304000.0;0;1372000;18599000;2322000.0;79721000.0;4.0;6.0;0.0
CLPR931;20232000;2290000.0;3797000.0;6568000.0;31248000;0;14285000;2150000.0;37608000.0;5.0;1.0;0.0
CLPR932;101956000;325000.0;59747000.0;1100000.0;21264000;0;37049000;5160000.0;45385000.0;12.0;1.0;0.0
CLPR933;64409000;3924000.0;41120000.0;21633000.0;63523000;0;16914000;6375000.0;84540000.0;7.0;3.0;0.0
CLPR934;8442000;108000.0;2532000.0;3743000.0;33212000;1017000;4871000;1039000.0;35555000.0;0.0;4.0;0.0
CLPR935;40469000;253000.0;-2981000.0;636000.0;46485000;6169000;43450000;0.0;42150000.0;0.0;2.0;0.0
CLPR936;17127000;147000.0;11664000.0;7017000.0;11026000;0;5463000;0.0;22720000.0;1.0;1.0;1.0
CLPR937;29558000;337000.0;25925000.0;5552000.0;31699000;57000;3633000;0.0;42689000.0;0.0;6.0;0.0
CLPR938;51018000;4649000.0;27547000.0;234000.0;31190000;36555000;23471000;0.0;77060000.0;2.0;5.0;0.0
CLPR939;39750000;673000.0;29077000.0;18164000.0;20290000;12000;8394000;2279000.0;32532000.0;4.0;4.0;1.0
CLPR940;148025000;1734000.0;103374000.0;3810000.0;9975000;2849000;7918000;36733000.0;54839000.0;5.0;5.0;1.0
CLPR941;101830000;4198000.0;70303000.0;34809000.0;0;36339000;29827000;1700000.0;81307000.0;0.0;1.0;0.0
CLPR942;229481000;9970000.0;57677000.0;3214000.0;0;0;148231000;23573000.0;76326000.0;9.0;6.0;0.0
CLPR943;23613000;10496000.0;12330000.0;7374000.0;0;327000;6893000;4390000.0;50139000.0;3.0;5.0;0.0
CLPR944;9166000;37000.0;7349000.0;148000.0;39302000;0;1592000;225000.0;43387000.0;8.0;4.0;0.0
CLPR945;73754000;0.0;49425000.0;10156000.0;20306000;5401000;24329000;0.0;45648000.0;6.0;3.0;1.0
CLPR946;36619000;334000.0;30339000.0;262000.0;2044000;1931000;6280000;0.0;29055000.0;1.0;6.0;1.0
CLPR947;26733000;217000.0;19937000.0;8989000.0;33335000;0;2507000;4289000.0;51379000.0;12.0;1.0;0.0
CLPR948;43810000;396000.0;19582000.0;25398000.0;56218000;80000;24228000;0.0;73357000.0;1.0;2.0;0.0
CLPR949;11986000;745000.0;10163000.0;49000.0;0;86000;23000;1800000.0;2012000.0;11.0;6.0;0.0
CLPR950;9266000;527000.0;4601000.0;3183000.0;14486000;44000;4665000;0.0;20750000.0;4.0;4.0;0.0
CLPR951;5013000;259000.0;2496000.0;1014000.0;55917000;923000;2094000;423000.0;61350000.0;9.0;4.0;0.0
CLPR952;28382000;2157000.0;17775000.0;6041000.0;29390000;474000;10607000;0.0;39105000.0;1.0;2.0;0.0
CLPR953;29830000;165000.0;22079000.0;3581000.0;63323000;0;1140000;6611000.0;69383000.0;10.0;3.0;0.0
CLPR954;22857000;2224000.0;18393000.0;999000.0;39445000;4700000;1288000;3176000.0;42379000.0;0.0;4.0;0.0
CLPR955;74241000;566000.0;49541000.0;21613000.0;37166000;36279000;24700000;0.0;50294000.0;4.0;1.0;1.0
CLPR956;55847000;910000.0;37676000.0;;0;0;3379000;14792000.0;4976000.0;5.0;4.0;0.0
CLPR957;54768000;4728000.0;44047000.0;32069000.0;29823000;14378000;10721000;0.0;42101000.0;3.0;6.0;0.0
CLPR958;33955000;141000.0;8148000.0;4603000.0;75111000;1189000;24585000;1222000.0;81608000.0;12.0;2.0;0.0
CLPR959;9211000;43000.0;4702000.0;54000.0;0;0;4509000;0.0;32081000.0;5.0;5.0;0.0
CLPR960;246309000;341000.0;168755000.0;878000.0;15647000;0;48519000;29035000.0;22979000.0;1.0;5.0;0.0
CLPR961;33481000;2319000.0;11676000.0;6401000.0;61556000;1092000;19231000;2574000.0;78302000.0;1.0;2.0;0.0
CLPR962;39452000;66000.0;38028000.0;;1653000;105000;579000;845000.0;4804000.0;4.0;4.0;0.0
CLPR963;55916000;319000.0;37081000.0;12000.0;0;35000;5609000;13226000.0;5453000.0;5.0;5.0;0.0
CLPR964;107037000;3225000.0;37645000.0;328000.0;34605000;81000;48043000;21349000.0;53679000.0;5.0;2.0;0.0
CLPR965;33615000;397000.0;11631000.0;3936000.0;9341000;1968000;21984000;0.0;32913000.0;5.0;3.0;0.0
CLPR966;155552000;758000.0;147758000.0;9236000.0;0;0;398000;7396000.0;5292000.0;0.0;1.0;1.0
CLPR967;9450000;58000.0;1990000.0;4330000.0;38029000;2016000;6931000;529000.0;46668000.0;4.0;3.0;0.0
CLPR968;60105000;744000.0;41724000.0;767000.0;49413000;347000;10667000;7714000.0;77527000.0;5.0;1.0;0.0
CLPR969;31962000;2952000.0;19699000.0;1818000.0;32163000;370000;11429000;834000.0;48869000.0;5.0;5.0;0.0
CLPR970;5960000;511000.0;-4005000.0;343000.0;21544000;145000;9965000;0.0;30022000.0;3.0;2.0;0.0
CLPR971;210723000;189000.0;53137000.0;24078000.0;53423000;0;157586000;0.0;60025000.0;4.0;1.0;0.0
CLPR972;11854000;637000.0;8051000.0;;7443000;509000;3470000;333000.0;23425000.0;8.0;3.0;0.0
CLPR973;17665000;654000.0;13918000.0;7820000.0;0;647000;3747000;0.0;14856000.0;3.0;3.0;0.0
CLPR974;62648000;3067000.0;48312000.0;9719000.0;35800000;95000;14306000;30000.0;52208000.0;7.0;2.0;0.0
CLPR975;29517000;371000.0;15172000.0;5893000.0;36438000;0;7819000;6526000.0;52873000.0;5.0;5.0;0.0
CLPR976;6844000;0.0;2813000.0;3209000.0;0;0;4031000;0.0;46072000.0;9.0;2.0;0.0
CLPR977;7997000;203000.0;2961000.0;;6807000;0;5036000;0.0;9820000.0;5.0;6.0;0.0
CLPR978;5691000;427000.0;4390000.0;2979000.0;24394000;238000;1301000;0.0;31881000.0;11.0;6.0;0.0
CLPR979;826000;354000.0;433000.0;84000.0;4898000;25000;393000;0.0;6995000.0;12.0;3.0;0.0
CLPR980;29558000;337000.0;25925000.0;5552000.0;31699000;57000;3633000;0.0;42689000.0;10.0;4.0;0.0
CLPR981;34240000;1537000.0;26779000.0;3897000.0;32866000;2898000;7461000;0.0;40568000.0;8.0;3.0;0.0
CLPR982;18039000;303000.0;16120000.0;2185000.0;72552000;1175000;1919000;0.0;78126000.0;12.0;2.0;0.0
CLPR983;156404000;14000.0;116311000.0;1788000.0;51370000;64000;26272000;13821000.0;54850000.0;12.0;4.0;0.0
CLPR984;26611000;848000.0;5221000.0;19768000.0;59942000;0;21390000;0.0;73870000.0;8.0;4.0;0.0
CLPR985;127274000;0.0;25447000.0;100000.0;5746000;11431000;43395000;58432000.0;10884000.0;0.0;1.0;1.0
CLPR986;55916000;319000.0;37081000.0;12000.0;0;35000;5609000;13226000.0;5453000.0;0.0;1.0;0.0
CLPR987;27514000;30000.0;15551000.0;15501000.0;44623000;0;11963000;0.0;57749000.0;10.0;6.0;0.0
CLPR988;13954000;1340000.0;5027000.0;4162000.0;10917000;42000;8927000;0.0;11901000.0;0.0;2.0;0.0
CLPR989;36257000;1000.0;10222000.0;11095000.0;56493000;0;25831000;204000.0;66033000.0;9.0;2.0;0.0
CLPR990;43048000;835000.0;35371000.0;527000.0;0;136000;2600000;5077000.0;32258000.0;6.0;4.0;0.0
CLPR991;279099000;121000.0;211300000.0;79997000.0;4716000;2626000;29034000;38765000.0;6934000.0;6.0;1.0;1.0
CLPR992;30890000;45000.0;22970000.0;9695000.0;24325000;12000;6735000;1185000.0;40313000.0;11.0;2.0;0.0
CLPR993;87899000;396000.0;55290000.0;2710000.0;0;2234000;15178000;17431000.0;21168000.0;11.0;4.0;1.0
CLPR994;409633000;53000.0;62038000.0;277000.0;0;0;9867000;337728000.0;53199000.0;0.0;6.0;0.0
CLPR995;30810000;658000.0;25709000.0;3829000.0;17572000;103000;4115000;986000.0;48360000.0;8.0;6.0;0.0
CLPR996;27001000;13000.0;12248000.0;296000.0;25865000;0;14753000;0.0;35924000.0;1.0;4.0;0.0
CLPR997;11986000;144000.0;6093000.0;2392000.0;15139000;2705000;5893000;0.0;20115000.0;11.0;6.0;0.0
CLPR998;13008000;665000.0;6698000.0;970000.0;6660000;0;3405000;2905000.0;10246000.0;4.0;4.0;1.0
CLPR999;36368000;1227000.0;8091000.0;3277000.0;18706000;0;4964000;23313000.0;37591000.0;9.0;1.0;0.0
