ID_PERSONA;ACTIVO_TOTAL;CAJA_BANCOS;CAPITAL;DOCS_X_COBRAR;COSTO_VTAS;DEUDORES_DIV;PAS_CIRCULANTE
CLPR001;24358000;450000;11999000;944000;30884000;450000;12294000
CLPR002;46230000;178000;4432000;3394000;22365000;1353000;27025000
CLPR003;20141000;201000;15174000;5223000;66000;2000;760000
CLPR004;27986000;1012000;15940000;11021000;58401000;49000;11825000
CLPR005;14714000;830000;7773000;6026000;63847000;48000;4983000
CLPR006;5878000;414000;2180000;662000;42207000;494000;3496000
CLPR007;34575000;10499000;13654000;14304000;0;1372000;18599000
CLPR008;7386000;397000;6681000;997000;51857000;250000;705000
CLPR009;4384000;32000;1029000;;35306000;214000;3355000
CLPR010;23502000;747000;4476000;;10543000;11000;14978000
CLPR011;27918000;4593000;18449000;2483000;74613000;1759000;7469000
CLPR012;36417000;1609000;18488000;328000;11542000;1006000;4579000
CLPR013;22121000;494000;18993000;3985000;20928000;3242000;3128000
CLPR014;755414000;36000;631286000;;37801000;0;98605000
CLPR015;45169000;270000;23402000;17456000;54784000;1261000;13067000
CLPR016;46840000;4563000;36288000;357000;34561000;11000;10552000
CLPR017;79112000;332000;24136000;800000;0;118000;30934000
CLPR018;21327000;826000;13981000;5970000;0;1304000;5136000
CLPR019;46632000;191000;33486000;10930000;55573000;0;11757000
CLPR020;18814000;13000;10719000;23000;10111000;23000;5706000
CLPR021;102493000;0;60364000;3936000;19862000;0;8301000
CLPR022;8733000;217000;6710000;486000;5917000;1641000;2023000
CLPR023;8461000;2346000;4390000;2304000;17243000;26000;4071000
CLPR024;19961000;0;1435000;;4525000;0;5330000
CLPR025;41875000;454000;28894000;19140000;46727000;38000;11524000
CLPR026;24844000;465000;12865000;2615000;11147000;4553000;11979000
CLPR027;58786000;288000;31010000;13507000;58496000;0;9378000
CLPR028;14863000;221000;11847000;;14017000;1173000;3016000
CLPR029;6984000;1225000;6664000;;16594000;0;320000
CLPR030;71364000;27000;66336000;1508000;0;8640000;2015000
CLPR031;45134000;703000;36130000;805000;10965000;0;5012000
CLPR032;3605000;148000;1446000;150000;858000;9000;2159000
CLPR033;27479000;393000;19950000;19754000;28572000;398000;7529000
CLPR034;103490000;252000;52218000;4813000;15696000;7936000;28782000
CLPR035;29235000;193000;9390000;1786000;30869000;31000;19402000
CLPR036;59030000;41000;43176000;;4065000;3000;8854000
CLPR037;18240000;148000;16555000;1619000;20371000;0;1685000
CLPR038;7472000;2551000;2262000;;4000;0;5210000
CLPR039;23055000;58000;19820000;699000;45474000;358000;2116000
CLPR040;22006000;436000;9556000;236000;8122000;500000;9200000
CLPR041;8193000;65000;1997000;1044000;29986000;0;6196000
CLPR042;68442000;1000;66908000;;925000;0;0
CLPR043;42625000;3896000;37541000;4189000;17136000;874000;5084000
CLPR044;30471000;38000;7732000;8720000;43849000;1397000;19662000
CLPR045;16069000;72000;13807000;884000;3567000;0;2262000
CLPR046;14047000;5212000;12867000;1892000;42555000;0;1180000
CLPR047;16890000;163000;13260000;212000;153000;1122000;1650000
CLPR048;83483000;7257000;68102000;28733000;48586000;3235000;15381000
CLPR049;24890000;2679000;7503000;12353000;54718000;1376000;17387000
CLPR050;24891000;319000;7442000;12573000;47399000;125000;17449000
CLPR051;90838000;1720000;34244000;823000;51298000;76000;46305000
CLPR052;54761000;1029000;43239000;5174000;64185000;0;8750000
CLPR053;44955000;319000;35147000;;0;48000;9808000
CLPR054;27685000;1060000;21694000;36000;0;0;1086000
CLPR055;28798000;1117000;4828000;8492000;32134000;39000;23970000
CLPR056;46998000;1592000;14365000;10342000;6634000;3218000;32633000
CLPR057;62889000;2839000;56682000;25613000;54379000;3985000;6207000
CLPR058;193084000;44000;188159000;;550000;0;4925000
CLPR059;41760000;162000;19541000;5028000;77395000;0;22219000
CLPR060;181503000;120000;36388000;;0;8405000;145115000
CLPR061;10702000;876000;3553000;4148000;13449000;78000;7149000
CLPR062;15662000;553000;12300000;4150000;6910000;149000;1674000
CLPR063;111581000;2375000;86196000;12000;22979000;1000000;13492000
CLPR064;24493000;1105000;21155000;4808000;2854000;291000;1819000
CLPR065;41257000;1150000;37559000;15543000;44230000;2500000;3698000
CLPR066;46539000;16000;38398000;20425000;0;273000;8141000
CLPR067;15314000;331000;4343000;5294000;8179000;339000;10971000
CLPR068;14047000;5212000;12867000;1892000;42555000;0;1180000
CLPR069;33295000;1030000;18744000;15634000;76272000;6214000;7884000
CLPR070;8532000;598000;5933000;6394000;1995000;0;2599000
CLPR071;85939000;451000;34694000;45805000;57157000;228000;31916000
CLPR072;16197000;738000;6139000;12392000;31588000;0;10058000
CLPR073;16007000;424000;10028000;7275000;23714000;21000;5812000
CLPR074;25476000;6532000;16667000;60000;19272000;524000;6293000
CLPR075;107893000;322000;107770000;;0;0;123000
CLPR076;4336000;338000;43000;16000;4017000;0;4293000
CLPR077;8364000;411000;3502000;;25349000;171000;4862000
CLPR078;90794000;980000;90506000;1046000;18980000;0;288000
CLPR079;10185000;245000;6008000;833000;28450000;1165000;4177000
CLPR080;8461000;2346000;4390000;2304000;17243000;26000;4071000
CLPR081;8262000;374000;2384000;445000;36249000;17000;5878000
CLPR082;61925000;1346000;-2910000;22595000;25992000;12330000;46474000
CLPR083;18015000;2278000;8217000;3017000;30230000;0;8351000
CLPR084;6498000;87000;4854000;2450000;15543000;0;1644000
CLPR085;6498000;87000;4854000;2450000;15543000;0;1644000
CLPR086;8598000;134000;4738000;200000;0;0;87000
CLPR087;55013000;142000;30747000;3164000;42482000;4077000;21331000
CLPR088;19644000;117000;16207000;806000;67329000;1665000;3437000
CLPR089;63864000;264000;58980000;16554000;53096000;0;4884000
CLPR090;15233000;333000;2381000;4549000;19849000;0;12852000
CLPR091;11396000;-62000;3572000;1305000;0;21000;7824000
CLPR092;13963000;254000;10657000;139000;29465000;0;1325000
CLPR093;19835000;252000;-1588000;4439000;6081000;166000;21423000
CLPR094;58786000;288000;31010000;13507000;58496000;0;9378000
CLPR095;16141000;211000;6288000;899000;0;3500000;9853000
CLPR096;70519000;1244000;60009000;326000;15200000;0;1035000
CLPR097;83547000;302000;63097000;15691000;29899000;417000;14505000
CLPR098;44305000;4082000;35267000;2774000;9350000;65000;10731000
CLPR099;30921000;273000;27611000;;13198000;0;1762000
CLPR100;32663000;612000;27408000;;14216000;0;5255000
CLPR101;89809000;-2380000;21025000;55666000;75007000;0;65072000
CLPR102;29517000;371000;15172000;5893000;36438000;0;7819000
CLPR103;71130000;329000;31227000;6887000;56896000;16000;28308000
CLPR104;24370000;236000;3299000;999000;16230000;50000;11188000
CLPR105;54678000;497000;35893000;15957000;25165000;393000;18785000
CLPR106;26741000;2813000;15203000;8574000;37124000;59000;11538000
CLPR107;61840000;1932000;29568000;31848000;49637000;476000;32272000
CLPR108;7997000;203000;2961000;;6807000;0;5036000
CLPR109;85265000;318000;77593000;750000;0;391000;1992000
CLPR110;60105000;744000;41724000;767000;49413000;347000;10667000
CLPR111;115969000;21126000;45497000;10489000;90930000;180000;70472000
CLPR112;19928000;1641000;12083000;8911000;42500000;0;6362000
CLPR113;76719000;7008000;28363000;28163000;49629000;1487000;48356000
CLPR114;13118000;374000;10269000;4475000;75584000;149000;2849000
CLPR115;8406000;223000;729000;326000;4448000;0;6455000
CLPR116;21434000;230000;19401000;;0;0;816000
CLPR117;33219000;3338000;30917000;1516000;0;0;2302000
CLPR118;30422000;630000;11899000;7525000;26817000;3095000;18523000
CLPR119;27560000;116000;20772000;1793000;18791000;1467000;1055000
CLPR120;18439000;1000;13982000;3198000;15906000;422000;4457000
CLPR121;39686000;-625000;21579000;23994000;14465000;36000;16793000
CLPR122;72150000;19000;18023000;20521000;6886000;47000;38558000
CLPR123;33146000;230000;28128000;;15111000;0;3470000
CLPR124;30422000;630000;11899000;7525000;26817000;3095000;18523000
CLPR125;35863000;880000;13012000;4439000;2386000;402000;13364000
CLPR126;60845000;896000;41278000;6810000;24216000;3465000;14323000
CLPR127;2448000;299000;2004000;;573000;884000;444000
CLPR128;24358000;450000;11999000;944000;30884000;450000;12294000
CLPR129;61648000;1943000;41047000;;10380000;0;9510000
CLPR130;14753000;402000;12418000;7398000;50111000;1142000;1018000
CLPR131;29098000;47000;28684000;3363000;30677000;709000;414000
CLPR132;4486000;200000;3853000;472000;65125000;0;633000
CLPR133;130414000;1311000;110505000;457000;2710000;316000;19909000
CLPR134;26839000;766000;4671000;11460000;39865000;106000;20189000
CLPR135;28326000;1164000;15261000;65000;22153000;321000;13065000
CLPR136;108347000;1345000;96833000;8090000;23027000;87000;11514000
CLPR137;31811000;440000;7434000;8465000;17905000;1750000;22973000
CLPR138;29439000;97000;28490000;3880000;0;1203000;949000
CLPR139;76712000;612000;47879000;42041000;28786000;3145000;28833000
CLPR140;25752000;1606000;18883000;16148000;21713000;13000;6869000
CLPR141;2857000;21000;1458000;;0;0;733000
CLPR142;9707000;683000;6912000;1317000;54950000;2288000;2795000
CLPR143;12409000;358000;-770000;6315000;20078000;51000;13179000
CLPR144;15656000;1672000;9591000;3837000;17684000;850000;3597000
CLPR145;497576000;2186000;259689000;22362000;0;0;20018000
CLPR146;248153000;1558000;169403000;1598000;0;21778000;61505000
CLPR147;38693000;1259000;32910000;788000;0;2780000;46000
CLPR148;42113000;567000;31265000;16831000;0;78000;10848000
CLPR149;34296000;166000;7957000;17804000;67104000;449000;26339000
CLPR150;46614000;1893000;13276000;13863000;50464000;72000;33070000
CLPR151;13620000;210000;11281000;;6993000;935000;2339000
CLPR152;36568000;995000;19881000;12456000;14663000;3645000;16687000
CLPR153;8927000;533000;2535000;948000;37292000;156000;6392000
CLPR154;130069000;10485000;88653000;15368000;26487000;1315000;11216000
CLPR155;56595000;95000;35269000;15999000;21313000;1236000;16926000
CLPR156;41156000;3399000;21643000;2118000;34264000;92000;19513000
CLPR157;7293000;807000;3827000;988000;35641000;538000;3466000
CLPR158;14718000;1736000;6867000;4756000;0;2668000;6351000
CLPR159;64230000;9105000;41046000;7724000;39410000;0;16694000
CLPR160;10834000;211000;7472000;3229000;8739000;177000;2675000
CLPR161;26059000;3160000;20622000;9784000;37165000;1265000;5437000
CLPR162;44902000;94000;20701000;28319000;20077000;1343000;24201000
CLPR163;155552000;758000;147758000;9236000;0;0;398000
CLPR164;156190000;338000;108822000;21905000;21929000;0;29684000
CLPR165;3030000;18000;508000;;16114000;1491000;432000
CLPR166;19416000;7083000;7857000;8254000;58005000;0;11559000
CLPR167;13969000;131000;12129000;1748000;5384000;1362000;640000
CLPR168;59320000;650000;49949000;10000;10039000;0;9371000
CLPR169;10796000;68000;5107000;6590000;10159000;79000;5689000
CLPR170;45756000;452000;29404000;670000;0;0;5103000
CLPR171;7065000;115000;5017000;2304000;26291000;713000;2048000
CLPR172;8870000;440000;2440000;1579000;17325000;765000;6430000
CLPR173;63481000;186000;58538000;;28187000;0;1126000
CLPR174;51650000;2623000;22511000;11840000;39563000;75000;29139000
CLPR175;13979000;201000;10923000;;0;199000;3056000
CLPR176;6829000;2648000;4997000;1600000;55963000;259000;1832000
CLPR177;160642000;6947000;28737000;128551000;5159000;498000;10067000
CLPR178;23272000;266000;-8241000;9035000;27783000;61000;25886000
CLPR179;18362000;88000;8526000;;0;0;40000
CLPR180;23453000;263000;15452000;2076000;42120000;8823000;5302000
CLPR181;25744000;258000;11589000;3124000;42800000;358000;11235000
CLPR182;45756000;452000;29404000;670000;0;0;5103000
CLPR183;10562000;1970000;3480000;3879000;17560000;0;7082000
CLPR184;7385000;1554000;3281000;1909000;16418000;76000;4104000
CLPR185;14674000;297000;-703000;12859000;7222000;173000;15377000
CLPR186;113734000;881000;83195000;715000;0;0;9137000
CLPR187;38101000;5780000;20215000;16406000;127000;6113000;17886000
CLPR188;46176000;510000;40041000;7795000;5769000;685000;6135000
CLPR189;89869000;56000;84856000;1038000;16664000;0;5013000
CLPR190;635468000;25729000;386461000;;0;1160000;122266000
CLPR191;5761000;44000;5592000;41000;416000;1051000;169000
CLPR192;16227000;709000;5262000;4265000;27967000;0;10965000
CLPR193;45367000;1459000;14293000;40492000;1121000;0;8288000
CLPR194;15263000;960000;12007000;;33373000;0;3230000
CLPR195;11862000;500000;3566000;5294000;20578000;253000;7166000
CLPR196;38297000;5243000;19669000;11247000;55910000;450000;18628000
CLPR197;26882000;61000;2346000;6952000;8561000;3500000;12148000
CLPR198;9567000;718000;1094000;3838000;12949000;2749000;8473000
CLPR199;8384000;393000;5822000;197000;33519000;0;2562000
CLPR200;21615000;55000;16515000;169000;18584000;114000;2781000
CLPR201;26270000;1599000;8078000;398000;38893000;405000;12947000
CLPR202;22922000;1774000;13227000;3373000;30180000;0;8715000
CLPR203;44955000;319000;35147000;;0;48000;9808000
CLPR204;58207000;23000;50173000;37000;0;0;6599000
CLPR205;34530000;1730000;22605000;83000;51467000;0;3939000
CLPR206;4083000;60000;1813000;1395000;17279000;18000;2270000
CLPR207;20336000;710000;3586000;7312000;0;4111000;15153000
CLPR208;14568000;902000;7477000;;9162000;7851000;7091000
CLPR209;76812000;15000;62170000;958000;0;1876000;1786000
CLPR210;12119000;5000;10447000;9882000;0;116000;1672000
CLPR211;16047000;53000;4618000;2746000;33289000;0;10474000
CLPR212;53821000;158000;20304000;5237000;5336000;0;8596000
CLPR213;742105000;4199000;361913000;;0;0;28350000
CLPR214;25201000;2475000;22215000;176000;0;672000;2986000
CLPR215;80633000;834000;58104000;17782000;60710000;2060000;22529000
CLPR216;57949000;-6593000;10389000;43358000;72771000;1585000;41693000
CLPR217;58736000;-1369000;41061000;30703000;23183000;0;17675000
CLPR218;107973000;2000;64846000;;0;7931000;43127000
CLPR219;19162000;186000;17836000;1899000;2075000;271000;1326000
CLPR220;12554000;551000;7632000;5014000;19700000;468000;4922000
CLPR221;10530000;1692000;8854000;;12000;0;15000
CLPR222;1838000;94000;1119000;193000;5354000;0;542000
CLPR223;45169000;270000;23402000;17456000;54784000;1261000;13067000
CLPR224;7161000;24000;3006000;862000;3672000;15000;1417000
CLPR225;56784000;892000;27092000;17881000;60653000;1925000;28862000
CLPR226;78577000;291000;44136000;7843000;69130000;3952000;32721000
CLPR227;30611000;558000;16583000;4946000;22140000;0;6135000
CLPR228;51853000;715000;8912000;33013000;47922000;461000;36173000
CLPR229;51682000;61000;17373000;20528000;55817000;1419000;34309000
CLPR230;14759000;738000;6622000;313000;23931000;89000;8137000
CLPR231;35922000;103000;21861000;1242000;25087000;321000;11688000
CLPR232;62268000;4145000;33587000;11060000;48342000;0;17418000
CLPR233;13338000;615000;7286000;5882000;18567000;16000;6052000
CLPR234;8601000;66000;5884000;272000;49946000;0;1699000
CLPR235;81425000;4285000;55602000;96000;0;0;25823000
CLPR236;143017000;4732000;-5695000;;0;632000;147087000
CLPR237;167006000;1314000;18250000;1949000;9841000;12108000;22652000
CLPR238;170794000;4053000;156469000;;0;4061000;8925000
CLPR239;41603000;94000;11289000;7505000;51833000;2205000;30314000
CLPR240;20144000;1178000;3390000;4545000;50431000;12000;16047000
CLPR241;37580000;928000;23691000;5726000;304000;773000;8072000
CLPR242;21028000;7885000;-2268000;3830000;11065000;0;23296000
CLPR243;25405000;138000;24859000;4147000;14769000;345000;546000
CLPR244;40048000;1308000;26870000;15332000;37371000;0;12769000
CLPR245;15498000;4493000;9604000;3622000;72596000;514000;5794000
CLPR246;15316000;1228000;11320000;6174000;26587000;560000;3996000
CLPR247;32325000;5182000;15401000;280000;22373000;0;16924000
CLPR248;55234000;85000;18787000;134000;0;575000;5120000
CLPR249;180676000;3250000;113643000;48738000;72908000;956000;3958000
CLPR250;8613000;553000;1854000;25000;438000;5100000;6759000
CLPR251;58502000;948000;49216000;5574000;19504000;35000;9286000
CLPR252;27794000;197000;22733000;;11649000;0;3513000
CLPR253;120439000;4707000;107357000;17414000;62054000;356000;13082000
CLPR254;9522000;36000;2474000;4778000;13283000;127000;7048000
CLPR255;26911000;1453000;15114000;8853000;34953000;566000;11797000
CLPR256;61989000;15000;31065000;15932000;27745000;323000;23887000
CLPR257;131907000;600000;78578000;1965000;33693000;0;34561000
CLPR258;24024000;147000;13550000;4770000;9583000;400000;4513000
CLPR259;8335000;203000;6179000;1769000;14486000;1826000;1506000
CLPR260;4859000;711000;2760000;1130000;14814000;0;2099000
CLPR261;63481000;186000;58538000;;28187000;0;1126000
CLPR262;300008000;5350000;256145000;10755000;27729000;0;16797000
CLPR263;10285000;454000;7629000;1472000;45823000;0;1406000
CLPR264;17239000;189000;14509000;279000;2135000;110000;2730000
CLPR265;25851000;4296000;19219000;3180000;19637000;103000;2695000
CLPR266;31368000;30000;18231000;37000;17769000;43000;12944000
CLPR267;36417000;1609000;18488000;328000;11542000;1006000;4579000
CLPR268;19567000;81000;18803000;;15351000;0;446000
CLPR269;4508000;533000;2370000;808000;0;0;2138000
CLPR270;84351000;1359000;51408000;12561000;50652000;108000;25173000
CLPR271;52039000;129000;12622000;;0;0;10580000
CLPR272;5320000;-875000;1880000;814000;74800000;483000;3440000
CLPR273;40639000;182000;23640000;169000;0;9000;13024000
CLPR274;37936000;418000;16256000;20768000;72395000;737000;21680000
CLPR275;8262000;374000;2384000;445000;36249000;17000;5878000
CLPR276;203686000;5860000;190699000;250000;34000;0;12987000
CLPR277;8877000;116000;5831000;3617000;15909000;0;3046000
CLPR278;155072000;3885000;52423000;318000;0;112000;62169000
CLPR279;34745000;94000;15357000;6981000;35448000;8213000;19388000
CLPR280;25651000;1017000;16461000;3975000;28637000;1411000;6874000
CLPR281;157619000;925000;109251000;26364000;39384000;410000;35844000
CLPR282;14923000;78000;10392000;4505000;24970000;363000;4531000
CLPR283;15316000;186000;9497000;4279000;24004000;870000;2881000
CLPR284;235777000;62163000;139869000;34189000;8346000;52410000;95908000
CLPR285;19636000;991000;16159000;613000;639000;38000;175000
CLPR286;90333000;1391000;54245000;44556000;0;1689000;22577000
CLPR287;12871000;554000;10100000;462000;52732000;116000;2771000
CLPR288;21129000;1773000;5943000;10940000;45877000;98000;15186000
CLPR289;5275000;1769000;2866000;3000;66107000;320000;2409000
CLPR290;5655000;177000;3645000;741000;0;397000;2010000
CLPR291;8773000;53000;-1550000;2486000;25063000;0;10323000
CLPR292;7467000;460000;5254000;438000;33305000;0;2213000
CLPR293;32663000;612000;27408000;;14216000;0;5255000
CLPR294;24381000;245000;10572000;15055000;48563000;653000;13809000
CLPR295;14833000;901000;14717000;3678000;13182000;802000;116000
CLPR296;83367000;157000;72988000;329000;1562000;1196000;9165000
CLPR297;195974000;152000;146019000;;0;23000;49955000
CLPR298;45012000;2229000;4423000;627000;697000;10767000;9193000
CLPR299;36368000;1227000;8091000;3277000;18706000;0;4964000
CLPR300;18373000;220000;7984000;8312000;14705000;67000;9322000
CLPR301;8844000;941000;2085000;260000;12705000;0;6759000
CLPR302;30648000;280000;22045000;4833000;12562000;585000;8264000
CLPR303;54736000;9982000;37380000;9249000;13357000;0;17356000
CLPR304;7997000;203000;2961000;;6807000;0;5036000
CLPR305;2372000;383000;1791000;118000;8274000;0;581000
CLPR306;7966000;179000;1375000;551000;14212000;0;6198000
CLPR307;27454000;5488000;9827000;7646000;60564000;4000;14988000
CLPR308;22698000;710000;14930000;;16144000;0;7768000
CLPR309;31813000;933000;7851000;15191000;46954000;357000;19915000
CLPR310;38281000;5272000;28582000;10870000;20828000;873000;7101000
CLPR311;461418000;877000;456175000;9363000;14529000;1035000;2752000
CLPR312;54559000;460000;42525000;8566000;40977000;5840000;7941000
CLPR313;16860000;558000;13611000;1611000;0;0;2249000
CLPR314;8384000;393000;5822000;197000;33519000;0;2562000
CLPR315;7808000;71000;6680000;1765000;3205000;2002000;1128000
CLPR316;9512000;1095000;8227000;830000;48510000;4753000;1285000
CLPR317;19761000;106000;1407000;357000;35092000;287000;18354000
CLPR318;26956000;1661000;24187000;6871000;53364000;0;2769000
CLPR319;25261000;1108000;12121000;14279000;42746000;0;11640000
CLPR320;22761000;442000;5914000;3084000;43384000;152000;14741000
CLPR321;17322000;1388000;12205000;4172000;13351000;3001000;5117000
CLPR322;20707000;1058000;16047000;2931000;0;2420000;4660000
CLPR323;18039000;303000;16120000;2185000;72552000;1175000;1919000
CLPR324;57036000;13440000;30576000;;25334000;44000;26460000
CLPR325;15498000;4493000;9604000;3622000;72596000;514000;5794000
CLPR326;84905000;422000;39334000;6755000;41085000;7061000;14563000
CLPR327;27830000;676000;3141000;474000;6434000;11724000;4655000
CLPR328;24928000;370000;8356000;;22970000;2296000;16572000
CLPR329;53541000;257000;6356000;7468000;9442000;0;18030000
CLPR330;26072000;535000;22181000;1782000;62067000;0;908000
CLPR331;32719000;0;8148000;3571000;40332000;1533000;14447000
CLPR332;16126000;210000;11270000;4871000;19356000;103000;4856000
CLPR333;52114000;1327000;32091000;34999000;57989000;34000;20023000
CLPR334;26642000;338000;13494000;7108000;41286000;223000;11645000
CLPR335;33723000;80000;7856000;2153000;22171000;30000;25296000
CLPR336;19261000;503000;2141000;2823000;20362000;15000;12827000
CLPR337;37292000;425000;31276000;7154000;21696000;267000;6016000
CLPR338;13348000;225000;9097000;2151000;10996000;0;3851000
CLPR339;17062000;368000;10013000;1146000;27234000;440000;6431000
CLPR340;1174714000;60000;268600000;;0;0;820180000
CLPR341;17701000;216000;17023000;946000;2888000;266000;678000
CLPR342;51687000;637000;20354000;14632000;14607000;0;24418000
CLPR343;36236000;4220000;27544000;;1975000;3953000;5281000
CLPR344;3800000;-41000;2930000;1535000;0;61000;870000
CLPR345;8400000;21000;6867000;6000;0;219000;266000
CLPR346;134897000;179000;77713000;2780000;45094000;0;39876000
CLPR347;157170000;341000;131679000;;7554000;292000;21074000
CLPR348;26698000;501000;19628000;7597000;0;2876000;5050000
CLPR349;29557000;583000;19974000;9328000;25206000;4791000;5553000
CLPR350;61228000;138000;54864000;;0;0;3965000
CLPR351;33534000;6466000;12675000;2439000;3798000;0;20859000
CLPR352;15940000;772000;13940000;7938000;70452000;2159000;1987000
CLPR353;7293000;807000;3827000;988000;35641000;538000;3466000
CLPR354;9552000;1879000;9499000;;0;0;53000
CLPR355;16024000;991000;4430000;1576000;58875000;2000;11594000
CLPR356;10696000;88000;4411000;5422000;42679000;0;6285000
CLPR357;2688000;196000;565000;;78397000;6000;2123000
CLPR358;8537000;1414000;7693000;2780000;4188000;6000;294000
CLPR359;5102000;1031000;4736000;284000;19380000;60000;366000
CLPR360;39405000;1467000;20022000;16101000;34602000;3027000;19383000
CLPR361;29836000;1974000;22501000;239000;17600000;26000;7335000
CLPR362;139463000;4048000;78043000;74124000;40079000;2241000;43640000
CLPR363;30471000;38000;7732000;8720000;43849000;1397000;19662000
CLPR364;33172000;720000;15914000;11949000;62440000;1353000;17258000
CLPR365;38093000;68000;5452000;;0;0;26641000
CLPR366;24844000;465000;12865000;2615000;11147000;4553000;11979000
CLPR367;19946000;220000;5666000;5484000;27822000;46000;14162000
CLPR368;1012315000;6109000;554222000;;0;16712000;458093000
CLPR369;7957000;38000;3223000;2797000;13456000;154000;4734000
CLPR370;20520000;2819000;14796000;8358000;134000;547000;5724000
CLPR371;10636000;96000;1336000;242000;10969000;1228000;4322000
CLPR372;68820000;2375000;6024000;416000;18333000;9000;62796000
CLPR373;19972000;1985000;8361000;13546000;30090000;0;11611000
CLPR374;29235000;193000;9390000;1786000;30869000;31000;19402000
CLPR375;142862000;111000;112215000;127000;0;0;25848000
CLPR376;83987000;371000;17218000;26830000;50167000;0;44769000
CLPR377;24449000;739000;21137000;102000;8684000;250000;3312000
CLPR378;135022000;491000;124523000;;0;152000;5794000
CLPR379;18439000;1000;13982000;3198000;15906000;422000;4457000
CLPR380;9323000;1254000;7639000;574000;62155000;0;1664000
CLPR381;22979000;3900000;11536000;6422000;36200000;195000;11443000
CLPR382;52889000;3494000;23726000;6078000;32662000;45000;29163000
CLPR383;26670000;10911000;20774000;2447000;26232000;54000;5485000
CLPR384;56308000;56000;53443000;;0;0;1971000
CLPR385;12679000;61000;5625000;1798000;6676000;658000;2837000
CLPR386;27578000;1699000;25805000;3012000;7111000;0;1138000
CLPR387;10098000;808000;1499000;695000;11082000;1633000;6123000
CLPR388;1592000;47000;1135000;350000;1574000;248000;252000
CLPR389;41482000;1636000;30683000;86000;0;2305000;799000
CLPR390;35922000;103000;21861000;1242000;25087000;321000;11688000
CLPR391;100204000;22729000;79645000;1040000;0;71000;3314000
CLPR392;10674000;2000;8580000;130000;4073000;125000;1458000
CLPR393;9705000;508000;5126000;1793000;7859000;1964000;4579000
CLPR394;24119000;1512000;11868000;13424000;29904000;1251000;12251000
CLPR395;44988000;565000;-14353000;15242000;62814000;46000;59341000
CLPR396;52826000;1452000;45826000;14605000;46731000;0;7000000
CLPR397;83547000;302000;63097000;15691000;29899000;417000;14505000
CLPR398;26909000;56000;26019000;410000;0;1000;250000
CLPR399;32817000;130000;11747000;8197000;54990000;689000;19074000
CLPR400;16409000;113000;10122000;2978000;26605000;66000;6287000
CLPR401;70687000;375000;27576000;30772000;47365000;0;43111000
CLPR402;48684000;2496000;30970000;161000;37037000;861000;9393000
CLPR403;70181000;70000;48176000;3558000;0;4085000;22005000
CLPR404;18015000;2278000;8217000;3017000;30230000;0;8351000
CLPR405;279133000;223000;266389000;1765000;0;0;9104000
CLPR406;35438000;1196000;32522000;11455000;8952000;1325000;2916000
CLPR407;26591000;1647000;10715000;4432000;30053000;1071000;15876000
CLPR408;2786000;106000;907000;572000;15801000;33000;1387000
CLPR409;40048000;1308000;26870000;15332000;37371000;0;12769000
CLPR410;20275000;1360000;14926000;2434000;20224000;0;5349000
CLPR411;30648000;310000;17103000;5553000;42348000;1450000;10981000
CLPR412;1141780000;980000;945389000;12000;0;134000;59296000
CLPR413;11605000;118000;4443000;1208000;17347000;24000;7162000
CLPR414;42530000;355000;1517000;2382000;0;173000;41013000
CLPR415;57093000;342000;32643000;27650000;54365000;38000;23901000
CLPR416;42634000;1787000;33716000;18001000;30529000;0;8643000
CLPR417;39635000;31000;22492000;13456000;18396000;6027000;17143000
CLPR418;37547000;1832000;24980000;22323000;77957000;75000;12567000
CLPR419;6288000;910000;2571000;1563000;16772000;219000;3717000
CLPR420;47577000;394000;9951000;21988000;68625000;10625000;35596000
CLPR421;24085000;1440000;23412000;1871000;0;36000;673000
CLPR422;49199000;2371000;38786000;22451000;62018000;2000;10413000
CLPR423;18814000;13000;10719000;23000;10111000;23000;5706000
CLPR424;19972000;1985000;8361000;13546000;30090000;0;11611000
CLPR425;46009000;556000;22945000;23564000;26031000;0;21017000
CLPR426;7460000;176000;-4014000;1420000;0;3636000;11474000
CLPR427;36028000;468000;27549000;-16000;16229000;0;8479000
CLPR428;16580000;524000;13851000;1242000;25104000;282000;2729000
CLPR429;35660000;4240000;11525000;12740000;31648000;86000;18812000
CLPR430;134059000;245000;115376000;2359000;35993000;7259000;18683000
CLPR431;61849000;527000;5837000;21983000;31545000;873000;56012000
CLPR432;28776000;9420000;2901000;1393000;0;975000;16829000
CLPR433;34153000;63000;30374000;;26194000;0;3779000
CLPR434;38611000;527000;33911000;6383000;56614000;3435000;4700000
CLPR435;51400000;278000;24483000;8948000;3492000;37496000;26917000
CLPR436;222002000;1170000;190614000;941000;0;0;23055000
CLPR437;3820000;53000;3196000;684000;12868000;0;624000
CLPR438;33596000;406000;22400000;4424000;32190000;68000;9118000
CLPR439;51780000;2279000;42341000;1057000;32364000;3899000;9439000
CLPR440;11405000;480000;9105000;650000;75723000;0;2300000
CLPR441;18179000;668000;-7782000;1694000;12219000;230000;20634000
CLPR442;61354000;22000;38537000;27273000;21433000;6000;22817000
CLPR443;60029000;1645000;34075000;;17511000;140000;23527000
CLPR444;8730000;0;5283000;13000;0;8000;3447000
CLPR445;86564000;848000;41154000;34284000;34123000;293000;45136000
CLPR446;30648000;280000;22045000;4833000;12562000;585000;8264000
CLPR447;46643000;-2515000;27268000;12957000;65582000;7304000;19375000
CLPR448;61840000;1932000;29568000;31848000;49637000;476000;32272000
CLPR449;50653000;641000;10811000;5768000;43891000;76000;35099000
CLPR450;20336000;710000;3586000;7312000;0;4111000;15153000
CLPR451;11172000;844000;8050000;7607000;15737000;6000;3122000
CLPR452;23027000;3944000;11455000;3392000;25790000;389000;11572000
CLPR453;36993000;171000;22120000;96000;0;0;13847000
CLPR454;205940000;19663000;89176000;978000;0;0;5293000
CLPR455;172214000;395000;169767000;;0;0;2447000
CLPR456;82658000;2939000;38582000;24223000;64535000;1063000;44076000
CLPR457;32727000;602000;26198000;7953000;47791000;0;6529000
CLPR458;17451000;176000;7721000;9185000;17848000;37000;9658000
CLPR459;66452000;833000;40164000;8208000;48883000;0;22495000
CLPR460;33355000;576000;21021000;7960000;44285000;958000;12334000
CLPR461;39750000;692000;17145000;10406000;0;6822000;22605000
CLPR462;93367000;245000;78845000;489000;0;0;1905000
CLPR463;50737000;587000;13491000;12168000;46278000;8692000;37246000
CLPR464;35402000;73000;16715000;12362000;63225000;16000;18687000
CLPR465;13348000;225000;9097000;2151000;10996000;0;3851000
CLPR466;30280000;754000;19858000;4835000;66973000;185000;10422000
CLPR467;11705000;247000;6619000;2422000;47228000;13000;5024000
CLPR468;32985000;75000;6627000;4920000;28484000;6000;26358000
CLPR469;14311000;782000;8088000;3057000;22595000;153000;6223000
CLPR470;7657000;70000;-1634000;1040000;0;0;5173000
CLPR471;19835000;252000;-1588000;4439000;6081000;166000;21423000
CLPR472;65187000;190000;27989000;2724000;518000;31000;37198000
CLPR473;23543000;1965000;13996000;;0;141000;9547000
CLPR474;31113000;8181000;20772000;11489000;15692000;0;10341000
CLPR475;4345000;80000;2182000;1211000;3089000;0;2163000
CLPR476;59151000;3532000;29578000;8778000;41695000;0;25437000
CLPR477;61849000;527000;5837000;21983000;31545000;873000;56012000
CLPR478;20149000;2800000;7449000;2593000;54340000;674000;12491000
CLPR479;30837000;0;9822000;13640000;65464000;55000;21015000
CLPR480;78577000;291000;44136000;7843000;69130000;3952000;32721000
CLPR481;5870000;985000;4940000;918000;29235000;1000;828000
CLPR482;8991000;451000;7178000;2227000;10675000;632000;1813000
CLPR483;29098000;47000;28684000;3363000;30677000;709000;414000
CLPR484;9503000;308000;2594000;4730000;8720000;0;4313000
CLPR485;8601000;66000;5884000;272000;49946000;0;1699000
CLPR486;38693000;1259000;32910000;788000;0;2780000;46000
CLPR487;55331000;2555000;50012000;707000;32375000;104000;3292000
CLPR488;28341000;789000;22104000;6512000;45732000;69000;5613000
CLPR489;8730000;0;5283000;13000;0;8000;3447000
CLPR490;29098000;47000;28684000;3363000;30677000;709000;414000
CLPR491;371379000;111000;171248000;6504000;21683000;1768000;44674000
CLPR492;24381000;245000;10572000;15055000;48563000;653000;13809000
CLPR493;45367000;1459000;14293000;40492000;1121000;0;8288000
CLPR494;65807000;1654000;27274000;30677000;54931000;846000;38533000
CLPR495;22333000;207000;11359000;4623000;31021000;100000;10974000
CLPR496;47743000;1410000;32027000;16673000;68875000;1839000;15716000
CLPR497;158702000;3698000;44252000;56794000;36918000;1221000;114450000
CLPR498;198520000;3476000;120920000;;0;663000;67878000
CLPR499;23292000;109000;12820000;2437000;22182000;30000;4801000
CLPR500;18240000;148000;16555000;1619000;20371000;0;1685000
CLPR501;37955000;2289000;28188000;16174000;0;654000;9767000
CLPR502;93085520;-516970;88445440;;23855160;137770;4640080
CLPR503;14759000;738000;6622000;313000;23931000;89000;8137000
CLPR504;8524000;229000;4641000;5067000;17470000;0;3883000
CLPR505;43909000;-3740000;16631000;13022000;45105000;229000;9474000
CLPR506;29836000;1974000;22501000;239000;17600000;26000;7335000
CLPR507;5691000;427000;4390000;2979000;24394000;238000;1301000
CLPR508;49199000;2371000;38786000;22451000;62018000;2000;10413000
CLPR509;3223000;34000;3126000;1749000;0;0;97000
CLPR510;52106000;135000;45432000;8237000;52140000;0;6674000
CLPR511;28542000;1078000;13887000;2842000;58363000;114000;14655000
CLPR512;13449000;278000;12787000;154000;29905000;0;662000
CLPR513;176056000;4423000;9955000;;0;7000;104767000
CLPR514;17759000;2691000;8180000;4474000;27172000;118000;9579000
CLPR515;72105000;610000;58365000;;0;0;252000
CLPR516;76719000;7008000;28363000;28163000;49629000;1487000;48356000
CLPR517;17190000;169000;7632000;343000;4346000;1615000;4822000
CLPR518;753938000;9005000;90987000;576688000;51340000;0;198922000
CLPR519;46009000;556000;22945000;23564000;26031000;0;21017000
CLPR520;695843000;736000;521309000;28918000;0;22736000;111367000
CLPR521;28630;4688;11431;12875;81451;2998;17199
CLPR522;7065000;115000;5017000;2304000;26291000;713000;2048000
CLPR523;262396000;23341000;44685000;1938000;63305000;1709000;177711000
CLPR524;78572000;810000;69715000;12867000;22808000;8259000;7712000
CLPR525;21333000;1060000;6500000;8390000;36894000;73000;14833000
CLPR526;19446000;153000;9163000;12997000;63002000;40000;10283000
CLPR527;17044000;810000;-2640000;5575000;27825000;0;14186000
CLPR528;3446000;798000;2481000;67000;1927000;14000;619000
CLPR529;26072000;535000;22181000;1782000;62067000;0;908000
CLPR530;45818000;209000;34345000;15405000;71001000;0;6181000
CLPR531;19261000;503000;2141000;2823000;20362000;15000;12827000
CLPR532;195018000;3374000;97689000;5665000;20815000;6400000;65191000
CLPR533;8262000;374000;2384000;445000;36249000;17000;5878000
CLPR534;22622000;64000;5171000;6294000;30503000;622000;12445000
CLPR535;339144000;125000;314110000;9000;0;0;1357000
CLPR536;109195000;1942000;75670000;36189000;31165000;2964000;31009000
CLPR537;66298000;636000;53435000;29999000;46438000;0;9987000
CLPR538;45367000;1459000;14293000;40492000;1121000;0;8288000
CLPR539;62767000;5328000;12393000;2101000;2378000;4482000;25626000
CLPR540;2354000;149000;1832000;;5758000;0;522000
CLPR541;42105000;541000;20285000;1946000;0;706000;6630000
CLPR542;26733000;217000;19937000;8989000;33335000;0;2507000
CLPR543;10831000;358000;6627000;6702000;14128000;224000;4204000
CLPR544;155072000;3885000;52423000;318000;0;112000;62169000
CLPR545;3605000;148000;1446000;150000;858000;9000;2159000
CLPR546;15619000;1046000;7187000;;11792000;393000;8432000
CLPR547;9058000;1980000;6304000;6044000;0;322000;2754000
CLPR548;101305000;599000;40858000;;0;0;37351000
CLPR549;24147000;50000;17572000;13984000;41601000;95000;6575000
CLPR550;28776000;9420000;2901000;1393000;0;975000;16829000
CLPR551;2786000;106000;907000;572000;15801000;33000;1387000
CLPR552;17665000;654000;13918000;7820000;0;647000;3747000
CLPR553;64622000;2265000;17177000;6003000;33836000;679000;47291000
CLPR554;74084000;85000;69531000;;0;5000;4001000
CLPR555;4616000;558000;1518000;13000;3872000;0;3098000
CLPR556;50653000;641000;10811000;5768000;43891000;76000;35099000
CLPR557;8442000;108000;2532000;3743000;33212000;1017000;4871000
CLPR558;37917000;916000;24767000;3288000;52661000;753000;10442000
CLPR559;73210000;892000;40960000;39119000;36728000;4736000;25306000
CLPR560;35402000;73000;16715000;12362000;63225000;16000;18687000
CLPR561;8952000;159000;3480000;302000;0;0;436000
CLPR562;26894000;223000;6666000;9184000;80115000;593000;20228000
CLPR563;31702000;383000;13323000;5825000;32977000;370000;13084000
CLPR564;17878000;6019000;9673000;;16407000;0;8205000
CLPR565;77115000;2634000;74415000;;3656000;0;600000
CLPR566;460295000;6645000;193078000;327000;0;616000;19017000
CLPR567;23559000;566000;12328000;6272000;27432000;251000;11231000
CLPR568;44046581;3843902;20413299;29805129;38762358;5250726;22923283
CLPR569;123244000;627000;94891000;21227000;53524000;1844000;14893000
CLPR570;136598000;2035000;75815000;747000;0;2560000;28629000
CLPR571;33270000;1977000;22614000;3843000;32434000;311000;5727000
CLPR572;161580000;313000;71275000;;0;0;84997000
CLPR573;95684000;413000;35851000;15105000;47143000;0;59833000
CLPR574;26638000;582000;16087000;983000;53697000;28000;9157000
CLPR575;11733000;174000;2768000;3246000;10304000;17000;2283000
CLPR576;13414000;301000;10691000;;6945000;0;2723000
CLPR577;34153000;63000;30374000;;26194000;0;3779000
CLPR578;12141000;92000;6416000;2778000;8479000;470000;3427000
CLPR579;19580000;1734000;6424000;;0;0;13156000
CLPR580;37608000;206000;12548000;16042000;31701000;1160000;20060000
CLPR581;25152000;8227000;21117000;;7172000;14394000;4035000
CLPR582;7615000;176000;-1072000;4051000;44958000;12000;8687000
CLPR583;10952000;321000;4441000;6579000;40604000;11000;6454000
CLPR584;36619000;334000;30339000;262000;2044000;1931000;6280000
CLPR585;13403000;360000;8724000;4869000;14561000;632000;4679000
CLPR586;120699000;804000;76963000;2675000;27969000;51000;37846000
CLPR587;9130000;131000;7894000;792000;5866000;1472000;650000
CLPR588;17759000;2691000;8180000;4474000;27172000;118000;9579000
CLPR589;115777000;52000;67473000;63000;0;425000;7504000
CLPR590;107893000;322000;107770000;;0;0;123000
CLPR591;42126000;2066000;23700000;5355000;24270000;7581000;18426000
CLPR592;499771000;341000;490959000;6000;0;0;7879000
CLPR593;16028000;641000;6801000;1000;4250000;71000;8490000
CLPR594;93367000;245000;78845000;489000;0;0;1905000
CLPR595;4141000;812000;-5017000;430000;0;650000;9158000
CLPR596;42629000;1770000;28351000;18434000;22423000;0;10731000
CLPR597;16209000;675000;10493000;16000;0;0;55000
CLPR598;61985000;4107000;53081000;16658000;24285000;672000;8904000
CLPR599;36326000;192000;18261000;;1352000;7000;18065000
CLPR600;34694000;827000;16134000;3192000;29187000;62000;6568000
CLPR601;25838000;927000;21889000;7349000;19859000;0;3018000
CLPR602;48290599;4029823;40335222;9185587;39027840;4101163;7955377
CLPR603;59660000;73000;6175000;11151000;31042000;4636000;53485000
CLPR604;76719000;7008000;28363000;28163000;49629000;1487000;48356000
CLPR605;99892000;1992000;61357000;24982000;7218000;5684000;19485000
CLPR606;29151000;712000;-614000;157000;52462000;0;29765000
CLPR607;149846000;1591000;126954000;10000000;0;88000;13737000
CLPR608;14733000;242000;9136000;2278000;19161000;152000;1470000
CLPR609;40748150;759230;33948500;19821500;31143000;209200;6799650
CLPR610;63481000;186000;58538000;;28187000;0;1126000
CLPR611;43982000;974000;29087000;755000;18135000;1028000;7891000
CLPR612;5696000;10000;4990000;;7209000;2788000;366000
CLPR613;19335000;900000;11445000;2147000;45487000;1949000;4557000
CLPR614;40504000;4384000;34884000;12668000;67095000;0;5299000
CLPR615;73335000;1245000;23656000;23320000;46955000;4976000;49679000
CLPR616;54678000;497000;35893000;15957000;25165000;393000;18785000
CLPR617;44427000;2152000;22599000;2983000;24564000;648000;2777000
CLPR618;190525000;615000;53546000;19757000;37804000;0;136979000
CLPR619;55950000;562000;26977000;1617000;16632000;87000;5618000
CLPR620;6521729000;91000;5106718000;;0;8000;221274000
CLPR621;14311000;782000;8088000;3057000;22595000;153000;6223000
CLPR622;9030;344;7619;16;0;63;1151
CLPR623;6156000;25000;4999000;2028000;15064000;350000;1157000
CLPR624;47107000;503000;30237000;1686000;38555000;2579000;13029000
CLPR625;34607000;17231000;17084000;6966000;66062000;461000;11135000
CLPR626;17267000;311000;7075000;12650000;7130000;0;10192000
CLPR627;60185000;2025000;46565000;94000;4040000;51000;13620000
CLPR628;14833000;901000;14717000;3678000;13182000;802000;116000
CLPR629;24199000;381000;22004000;3983000;29457000;4000;2195000
CLPR630;36219000;227000;34494000;;0;415000;833000
CLPR631;17799000;1138000;3502000;1925000;44391000;1727000;12980000
CLPR632;27795000;17519000;12883000;3221000;54104000;7000;14912000
CLPR633;24331000;557000;21693000;168000;2043000;10000;2450000
CLPR634;7615000;109000;6280000;;4850000;4299000;1335000
CLPR635;11929000;0;8222000;3838000;21109000;0;3707000
CLPR636;22179000;573000;12475000;16712000;27256000;202000;5751000
CLPR637;10022000;363000;8282000;7972000;17387000;0;1572000
CLPR638;24776000;235000;18906000;4123000;20748000;0;5870000
CLPR639;160642000;6947000;28737000;128551000;5159000;498000;10067000
CLPR640;2786000;106000;907000;572000;15801000;33000;1387000
CLPR641;3431209000;1.30E+17;3425677000;;0;10000;5497000
CLPR642;26170000;354000;18027000;;0;0;403000
CLPR643;20368000;2369000;8496000;4604000;0;3727000;11372000
CLPR644;80915000;2826000;48660000;40438000;29144000;1895000;30155000
CLPR645;14081000;44000;6822000;2336000;10248000;584000;5650000
CLPR646;21521000;390000;16175000;5983000;45025000;181000;4124000
CLPR647;52146000;228000;50909000;1935000;22592000;0;674000
CLPR648;39521000;227000;21917000;2076000;35101000;64000;7604000
CLPR649;57036000;13440000;30576000;;25334000;44000;26460000
CLPR650;4090000;229000;3025000;829000;3326000;3000;1047000
CLPR651;25676000;4444000;15411000;8800000;2034000;1292000;10265000
CLPR652;29686000;1311000;12562000;2267000;3019000;3803000;15259000
CLPR653;42709000;244000;24294000;16054000;46778000;0;14955000
CLPR654;7627000;139000;-4798000;2788000;12011000;2010000;12425000
CLPR655;232368000;2624000;99045000;16815000;0;4921000;100464000
CLPR656;13309000;79000;11493000;;9335000;0;1148000
CLPR657;120745000;-4654000;-13333000;;14522000;8143000;119078000
CLPR658;52027000;4241000;22859000;13950000;52228000;4037000;25803000
CLPR659;21631000;128000;3574000;1607000;3539000;1232000;14130000
CLPR660;52882000;3284000;42353000;;0;1000;568000
CLPR661;27148000;141000;23511000;7397000;30517000;83000;3637000
CLPR662;12110000;131000;6864000;4485000;15200000;0;5246000
CLPR663;102722000;147000;81804000;1180000;0;0;3918000
CLPR664;11320000;426000;5412000;286000;30778000;0;4685000
CLPR665;25763000;15000;17007000;6501000;35710000;3373000;5556000
CLPR666;12582000;98000;10248000;;0;0;1694000
CLPR667;79859000;197000;75859000;;0;0;1333000
CLPR668;40722000;84000;-10068000;2948000;72924000;3965000;49030000
CLPR669;12180000;142000;2235000;4349000;42876000;2000;9560000
CLPR670;52882000;3284000;42353000;;0;1000;568000
CLPR671;21631000;128000;3574000;1607000;3539000;1232000;14130000
CLPR672;45889000;6135000;13824000;23026000;55703000;0;32065000
CLPR673;29025000;63000;20804000;;14569000;735000;8221000
CLPR674;33355000;576000;21021000;7960000;44285000;958000;12334000
CLPR675;35437000;277000;8402000;11866000;46804000;1360000;27035000
CLPR676;30686000;1617000;17248000;9446000;61562000;0;13152000
CLPR677;15625000;147000;11591000;26000;0;68000;1297000
CLPR678;41283000;259000;22504000;25010000;22399000;6137000;18779000
CLPR679;201406000;20857000;41439000;66427000;0;44525000;147488000
CLPR680;82890000;966000;60178000;1641000;3652000;0;22712000
CLPR681;47143000;3075000;31220000;30062000;12471000;6116000;15923000
CLPR682;12856000;912000;11851000;97000;34034000;0;919000
CLPR683;5407000;1182000;4467000;1582000;33121000;317000;940000
CLPR684;104370000;2024000;86030000;34015000;30969000;3017000;15214000
CLPR685;27986000;1012000;15940000;11021000;58401000;49000;11825000
CLPR686;58786000;288000;31010000;13507000;58496000;0;9378000
CLPR687;8510000;660000;7907000;901000;2179000;398000;603000
CLPR688;59590000;86000;40614000;;0;63000;11976000
CLPR689;6696000;165000;2252000;620000;33905000;165000;4444000
CLPR690;93594000;425000;58438000;210000;15779000;10129000;35156000
CLPR691;5248000;7000;610000;2382000;10058000;0;4638000
CLPR692;66878000;4232000;33974000;;0;0;10990000
CLPR693;24325000;635000;15388000;18914000;0;168000;8937000
CLPR694;36398;143;;10138;18371;41;18181
CLPR695;5261000;148000;1396000;1741000;4772000;14000;3165000
CLPR696;4192000;501000;2536000;;932000;95000;1656000
CLPR697;32958000;2281000;22862000;345000;57257000;0;3944000
CLPR698;58283000;1576000;-308000;2117000;39652000;1219000;58628000
CLPR699;227451000;185000;203118000;;0;0;4197000
CLPR700;8384000;393000;5822000;197000;33519000;0;2562000
CLPR701;96822000;2060000;-1723000;11428000;52037000;0;44705000
CLPR702;22940000;13000;13074000;5592000;34446000;0;9866000
CLPR703;9556000;435000;5200000;1929000;11176000;1589000;3456000
CLPR704;39043000;213000;7173000;11621000;15284000;0;31870000
CLPR705;61849000;527000;5837000;21983000;31545000;873000;56012000
CLPR706;30686000;1617000;17248000;9446000;61562000;0;13152000
CLPR707;35438000;1196000;32522000;11455000;8952000;1325000;2916000
CLPR708;39405000;1467000;20022000;16101000;34602000;3027000;19383000
CLPR709;95003000;662000;63689000;45732000;0;494000;15064000
CLPR710;34250000;856000;22796000;23864000;40107000;392000;11454000
CLPR711;9976000;411000;2218000;1595000;45654000;1201000;1412000
CLPR712;19161000;148000;14745000;4694000;56048000;484000;3796000
CLPR713;10619000;22000;5883000;3209000;11487000;134000;4736000
CLPR714;62054000;2855000;14260000;18669000;45140000;2645000;34214000
CLPR715;11602000;224000;10124000;;9281000;6733000;1478000
CLPR716;20136000;2626000;7861000;;0;0;5252000
CLPR717;8525000;70000;2945000;2121000;41999000;211000;5580000
CLPR718;36994000;568000;28882000;6617000;18209000;3675000;4591000
CLPR719;32985000;75000;6627000;4920000;28484000;6000;26358000
CLPR720;2541000;304000;-1777000;85000;27213000;20000;4318000
CLPR721;59622000;29165000;19336000;4416000;37043000;199000;40286000
CLPR722;79596000;6410000;74212000;25502000;37281000;2550000;3168000
CLPR723;28560000;13000;21545000;6357000;45940000;19399000;7015000
CLPR724;63481000;186000;58538000;;28187000;0;1126000
CLPR725;19028000;1000;-496000;17835000;1581000;1177000;19524000
CLPR726;19928000;1641000;12083000;8911000;42500000;0;6362000
CLPR727;36082000;5000;26810000;12456000;44342000;0;9272000
CLPR728;142605000;791000;111504000;4551000;62032000;4122000;28297000
CLPR729;24902000;1707000;7691000;5879000;33091000;3993000;17211000
CLPR730;12291000;2722000;8193000;1214000;14324000;2000;4098000
CLPR731;35738000;65000;24692000;148000;6815000;0;3749000
CLPR732;29508000;1626000;1812000;6782000;12144000;3405000;27696000
CLPR733;46573000;1359000;11311000;250000;52367000;217000;30103000
CLPR734;60755000;19273000;18336000;30508000;42968000;0;3504000
CLPR735;17008000;2985000;15208000;3297000;61928000;0;1800000
CLPR736;104508000;1253000;72814000;15835000;46308000;378000;13326000
CLPR737;137700000;20706000;129641000;686000;1172000;0;8059000
CLPR738;12926000;971000;10741000;5925000;71738000;13000;2185000
CLPR739;17804000;796000;10094000;9998000;15835000;251000;7710000
CLPR740;5622000;994000;2797000;;5396000;768000;2825000
CLPR741;36751000;1447000;22663000;3474000;21569000;3880000;8916000
CLPR742;20786000;51000;16811000;17619000;19234000;2097000;3975000
CLPR743;24886000;110000;21026000;460000;7633000;3982000;1620000
CLPR744;28243000;152000;22154000;17831000;0;1326000;4065000
CLPR745;67296000;438000;43340000;38740000;59524000;835000;23956000
CLPR746;7101000;1145000;3594000;1074000;0;161000;351000
CLPR747;8483000;790000;3091000;3830000;0;138000;5392000
CLPR748;28175000;8000;27219000;4398000;0;826000;956000
CLPR749;44058000;150000;18982000;10817000;69171000;0;15965000
CLPR750;61288000;1093000;28756000;12942000;36193000;19000;32532000
CLPR751;39431000;2693000;36054000;664000;28183000;0;877000
CLPR752;27892000;214000;9653000;6651000;46450000;26000;13605000
CLPR753;53638000;1258000;21367000;20479000;56915000;464000;32271000
CLPR754;37980000;2595000;15140000;5455000;36671000;175000;11421000
CLPR755;23872000;339000;17257000;5074000;27104000;49000;5099000
CLPR756;96122000;3912000;57419000;21223000;55261000;5252000;33653000
CLPR757;28300000;1589000;15020000;8062000;73637000;141000;13280000
CLPR758;40659000;469000;25070000;5695000;21826000;336000;6499000
CLPR759;59668000;1783000;32351000;6095000;50128000;3171000;27317000
CLPR760;62867000;396000;3317000;294000;0;1629000;42145000
CLPR761;58981000;554000;32396000;573000;14447000;1586000;10390000
CLPR762;74222000;0;36845000;17260000;24789000;1598000;35324000
CLPR763;23635000;424000;10889000;9617000;56863000;0;12606000
CLPR764;69530000;450000;41175000;29960000;47723000;603000;25955000
CLPR765;42632000;1395000;30284000;7357000;37459000;45000;5951000
CLPR766;4345000;80000;2182000;1211000;3089000;0;2163000
CLPR767;201406000;20857000;41439000;66427000;0;44525000;147488000
CLPR768;75147000;3106000;68155000;6376000;0;0;6992000
CLPR769;68186000;3283000;56825000;20025000;42550000;2650000;7101000
CLPR770;28400000;626000;23170000;4223000;46728000;463000;5230000
CLPR771;480312000;2353000;468977000;4233000;21555000;845000;11335000
CLPR772;26848000;839000;16829000;9950000;27903000;503000;6223000
CLPR773;72239000;249000;31256000;3275000;32828000;5875000;40983000
CLPR774;102885000;1138000;62086000;1374000;8999000;0;5864000
CLPR775;21408000;14000;5124000;;0;0;749000
CLPR776;29227000;1445000;15067000;10773000;27788000;862000;14160000
CLPR777;27770000;620000;10615000;386000;21644000;53000;2155000
CLPR778;19684000;467000;17005000;101000;0;49000;413000
CLPR779;14452000;9462000;11477000;616000;80640000;0;2975000
CLPR780;41134000;166000;33615000;6776000;74850000;6000;7022000
CLPR781;8613000;553000;1854000;25000;438000;5100000;6759000
CLPR782;22530000;1547000;10002000;10205000;19839000;1311000;12528000
CLPR783;2897000;9000;1208000;;0;263000;1068000
CLPR784;8406000;223000;729000;326000;4448000;0;6455000
CLPR785;160895000;52000;154333000;40000;0;433000;4855000
CLPR786;47813000;3876000;16925000;12792000;66628000;205000;30888000
CLPR787;7153000;376000;6545000;888000;3456000;0;608000
CLPR788;43091000;1000;37115000;;63000;0;576000
CLPR789;137700000;20706000;129641000;686000;1172000;0;8059000
CLPR790;40311000;649000;32943000;5638000;23487000;56000;7368000
CLPR791;115617000;2929000;58892000;432000;0;26833000;17095000
CLPR792;20637000;2426000;3883000;13224000;35848000;192000;15087000
CLPR793;79706000;1069000;44284000;7606000;62372000;0;29577000
CLPR794;10457000;16000;10182000;1370000;4248000;100000;275000
CLPR795;47838000;468000;11038000;15500000;44417000;0;35608000
CLPR796;44968000;551000;26294000;;6998000;0;5631000
CLPR797;20410000;66000;18790000;9399000;0;0;1620000
CLPR798;22533000;479000;8332000;1344000;17201000;2618000;5094000
CLPR799;43794000;71000;20774000;963000;0;737000;23020000
CLPR800;36919000;516000;23581000;2059000;23350000;617000;13338000
CLPR801;59478000;405000;55707000;;15025000;2026000;3071000
CLPR802;8991000;451000;7178000;2227000;10675000;632000;1813000
CLPR803;15542000;771000;8092000;6628000;32248000;51000;7450000
CLPR804;14936000;262000;11218000;1459000;12333000;0;2822000
CLPR805;21125000;313000;20315000;985000;4097000;113000;810000
CLPR806;20509000;50000;1060000;2369000;0;3771000;17195000
CLPR807;48762000;119000;40581000;4510000;62307000;610000;7464000
CLPR808;114573000;1598000;55261000;9082000;42701000;9482000;56131000
CLPR809;40748150;759230;33948500;19821500;31143000;209200;6799650
CLPR810;13414000;301000;10691000;;6945000;0;2723000
CLPR811;74739000;3100000;57537000;1777000;24029000;4170000;10919000
CLPR812;32487000;79000;29793000;;2133000;808000;1237000
CLPR813;29535000;-576000;4745000;2088000;13448000;53000;10003000
CLPR814;14670000;153000;4365000;2816000;18793000;9000;10305000
CLPR815;31252000;1556000;7641000;;21041000;31000;7929000
CLPR816;17289000;106000;5396000;514000;20668000;579000;10133000
CLPR817;63977000;486000;42887000;15648000;44490000;1543000;16448000
CLPR818;805063000;22319000;142936000;703237000;47363000;0;662127000
CLPR819;66878000;4232000;33974000;;0;0;10990000
CLPR820;3148000;80000;1783000;741000;7671000;6000;1365000
CLPR821;57498000;4234000;46582000;;55172000;295000;8424000
CLPR822;29756000;1282000;25011000;2843000;27266000;0;4745000
CLPR823;51719000;908000;8735000;9300000;61712000;4661000;40934000
CLPR824;20707000;1058000;16047000;2931000;0;2420000;4660000
CLPR825;5691000;427000;4390000;2979000;24394000;238000;1301000
CLPR826;41777000;3400000;29323000;23148000;47636000;1218000;12264000
CLPR827;24024000;147000;13550000;4770000;9583000;400000;4513000
CLPR828;13424000;175000;6589000;1014000;14957000;2356000;6835000
CLPR829;6060000;356000;1746000;123000;44226000;58000;3289000
CLPR830;11721000;228000;4363000;174000;0;8000;5825000
CLPR831;17394000;50000;5283000;717000;31964000;698000;10133000
CLPR832;434097000;32270000;187152000;10788000;1733000;811000;47693000
CLPR833;722319000;42634000;220107000;;40154000;0;502212000
CLPR834;8598000;134000;4738000;200000;0;0;87000
CLPR835;15567000;1156000;15142000;3525000;2558000;146000;425000
CLPR836;11854000;637000;8051000;;7443000;509000;3470000
CLPR837;50707000;368000;19257000;15374000;51462000;1285000;31450000
CLPR838;24569000;424000;10243000;;23606000;0;14326000
CLPR839;26591000;1647000;10715000;4432000;30053000;1071000;15876000
CLPR840;82060000;4094000;20429000;536000;15279000;239000;58095000
CLPR841;226740000;1050000;37561000;127845000;58866000;17605000;134264000
CLPR842;38357000;97000;20522000;7997000;33594000;7707000;14498000
CLPR843;21116000;133000;9844000;6969000;32855000;520000;11272000
CLPR844;43784000;12132000;23744000;3602000;0;0;7342000
CLPR845;7648000;663000;4973000;1147000;37628000;1450000;2675000
CLPR846;5818000;41000;3965000;2888000;55442000;0;1808000
CLPR847;82658000;2939000;38582000;24223000;64535000;1063000;44076000
CLPR848;93324000;549000;75697000;15902000;0;20394000;17627000
CLPR849;10285000;454000;7629000;1472000;45823000;0;1406000
CLPR850;27019000;44000;17837000;2085000;18668000;610000;9182000
CLPR851;3489000;-69000;1061000;3179000;0;0;1774000
CLPR852;58917000;8731000;11479000;30538000;0;3387000;47280000
CLPR853;156339000;184000;95537000;40902000;61530000;34000;54961000
CLPR854;16554000;389000;4206000;704000;0;4000;5410000
CLPR855;7236000;59000;2665000;2363000;46035000;1648000;3405000
CLPR856;15531000;26000;7940000;12267000;32339000;0;7591000
CLPR857;21681000;654000;7947000;1027000;12494000;50000;12180000
CLPR858;6286000;743000;1664000;686000;0;1528000;1322000
CLPR859;7631000;124000;-1928000;415000;0;184000;9559000
CLPR860;14626000;2969000;10841000;7159000;70930000;9000;3785000
CLPR861;28533000;13828000;15593000;352000;43714000;10000;6945000
CLPR862;3446000;798000;2481000;67000;1927000;14000;619000
CLPR863;70620000;791000;49105000;2831000;31441000;145000;8636000
CLPR864;25644000;84000;15151000;7814000;50297000;275000;10493000
CLPR865;452108000;122000;233899000;;0;3941000;20544000
CLPR866;9552000;1879000;9499000;;0;0;53000
CLPR867;8819000;1353000;3754000;;17574000;57000;5065000
CLPR868;36987000;532000;12558000;1250000;5532000;1154000;12121000
CLPR869;42113000;567000;31265000;16831000;0;78000;10848000
CLPR870;44102000;679000;21508000;;0;33141000;22594000
CLPR871;26425000;1610000;20660000;3633000;7459000;0;5765000
CLPR872;195018000;3374000;97689000;5665000;20815000;6400000;65191000
CLPR873;55075000;7016000;43337000;25824000;55859000;7965000;11738000
CLPR874;24370000;236000;3299000;999000;16230000;50000;11188000
CLPR875;10106000;2111000;5030000;1432000;31611000;847000;5076000
CLPR876;29235000;193000;9390000;1786000;30869000;31000;19402000
CLPR877;106613000;3100000;58187000;1075000;0;120000;3211000
CLPR878;42366000;25000;26581000;;0;180000;6672000
CLPR879;6965000;466000;3452000;881000;6163000;330000;3310000
CLPR880;36706000;592000;20873000;14940000;57750000;22000;14985000
CLPR881;70378000;6813000;44938000;1133000;49029000;472000;21647000
CLPR882;21295000;113000;14461000;6156000;21016000;203000;6659000
CLPR883;25752000;1606000;18883000;16148000;21713000;13000;6869000
CLPR884;25393000;1382000;22473000;2797000;5390000;86000;2920000
CLPR885;13266000;40000;6429000;7481000;67097000;0;6523000
CLPR886;156307000;2111000;28234000;39216000;2614000;5181000;93951000
CLPR887;8427000;1819000;687000;2998000;39528000;0;5744000
CLPR888;36747000;238000;19159000;13789000;35047000;443000;15578000
CLPR889;29011000;234000;21323000;;83009000;0;6140000
CLPR890;32846000;56000;30454000;;9812000;742000;2392000
CLPR891;5743000;349000;4940000;4398000;2043000;149000;803000
CLPR892;22972000;8000;19897000;;671000;230000;367000
CLPR893;25651000;1017000;16461000;3975000;28637000;1411000;6874000
CLPR894;17062000;368000;10013000;1146000;27234000;440000;6431000
CLPR895;36619000;334000;30339000;262000;2044000;1931000;6280000
CLPR896;105297000;18472000;62568000;19473000;40954000;0;38709000
CLPR897;25449203;728544;5563955;21781595;39976500;0;19885248
CLPR898;20761000;702000;9536000;5600000;52859000;367000;7725000
CLPR899;7558000;170000;4228000;1505000;3007000;292000;3330000
CLPR900;8381000;583000;7393000;546000;0;35000;988000
CLPR901;25054000;1246000;11253000;15157000;13915000;1870000;13801000
CLPR902;29404000;238000;11787000;21157000;29602000;205000;17117000
CLPR903;11756000;387000;-2445000;2464000;27002000;55000;6218000
CLPR904;60727000;9122000;40809000;7508000;22769000;0;10111000
CLPR905;17304000;327000;15232000;;0;0;804000
CLPR906;111720000;15733000;31515000;23709000;81063000;1516000;73824000
CLPR907;42366000;25000;26581000;;0;180000;6672000
CLPR908;17464000;1719000;15685000;11936000;39367000;902000;1779000
CLPR909;52889000;3494000;23726000;6078000;32662000;45000;29163000
CLPR910;44896000;211000;43746000;428000;0;0;1150000
CLPR911;9052000;89000;5620000;1178000;13750000;36000;3432000
CLPR912;48410000;0;18344000;22696000;54163000;557000;28262000
CLPR913;43653000;413000;8038000;12112000;51338000;1920000;35615000
CLPR914;69530000;450000;41175000;29960000;47723000;603000;25955000
CLPR915;419520000;127000;111981000;35029000;23351000;7803000;301584000
CLPR916;22761000;442000;5914000;3084000;43384000;152000;14741000
CLPR917;953577000;11647000;909903000;6524000;11639000;2172000;15464000
CLPR918;32455000;227000;10284000;13503000;51261000;659000;22031000
CLPR919;198520000;3476000;120920000;;0;663000;67878000
CLPR920;25474000;150000;11618000;4405000;36610000;13000;7842000
CLPR921;8870000;440000;2440000;1579000;17325000;765000;6430000
CLPR922;41134000;166000;33615000;6776000;74850000;6000;7022000
CLPR923;73784000;692000;68770000;659000;0;0;4894000
CLPR924;32012000;2389000;29693000;7856000;5250000;4509000;2319000
CLPR925;13380000;989000;10083000;3002000;2349000;10000;3041000
CLPR926;23771000;2160000;8495000;3149000;2052000;0;5802000
CLPR927;63549000;2665000;63546000;687000;19269000;394000;3000
CLPR928;20368000;2369000;8496000;4604000;0;3727000;11372000
CLPR929;31962000;2952000;19699000;1818000;32163000;370000;11429000
CLPR930;34575000;10499000;13654000;14304000;0;1372000;18599000
CLPR931;20232000;2290000;3797000;6568000;31248000;0;14285000
CLPR932;101956000;325000;59747000;1100000;21264000;0;37049000
CLPR933;64409000;3924000;41120000;21633000;63523000;0;16914000
CLPR934;8442000;108000;2532000;3743000;33212000;1017000;4871000
CLPR935;40469000;253000;-2981000;636000;46485000;6169000;43450000
CLPR936;17127000;147000;11664000;7017000;11026000;0;5463000
CLPR937;29558000;337000;25925000;5552000;31699000;57000;3633000
CLPR938;51018000;4649000;27547000;234000;31190000;36555000;23471000
CLPR939;39750000;673000;29077000;18164000;20290000;12000;8394000
CLPR940;148025000;1734000;103374000;3810000;9975000;2849000;7918000
CLPR941;101830000;4198000;70303000;34809000;0;36339000;29827000
CLPR942;229481000;9970000;57677000;3214000;0;0;148231000
CLPR943;23613000;10496000;12330000;7374000;0;327000;6893000
CLPR944;9166000;37000;7349000;148000;39302000;0;1592000
CLPR945;73754000;0;49425000;10156000;20306000;5401000;24329000
CLPR946;36619000;334000;30339000;262000;2044000;1931000;6280000
CLPR947;26733000;217000;19937000;8989000;33335000;0;2507000
CLPR948;43810000;396000;19582000;25398000;56218000;80000;24228000
CLPR949;11986000;745000;10163000;49000;0;86000;23000
CLPR950;9266000;527000;4601000;3183000;14486000;44000;4665000
CLPR951;5013000;259000;2496000;1014000;55917000;923000;2094000
CLPR952;28382000;2157000;17775000;6041000;29390000;474000;10607000
CLPR953;29830000;165000;22079000;3581000;63323000;0;1140000
CLPR954;22857000;2224000;18393000;999000;39445000;4700000;1288000
CLPR955;74241000;566000;49541000;21613000;37166000;36279000;24700000
CLPR956;55847000;910000;37676000;;0;0;3379000
CLPR957;54768000;4728000;44047000;32069000;29823000;14378000;10721000
CLPR958;33955000;141000;8148000;4603000;75111000;1189000;24585000
CLPR959;9211000;43000;4702000;54000;0;0;4509000
CLPR960;246309000;341000;168755000;878000;15647000;0;48519000
CLPR961;33481000;2319000;11676000;6401000;61556000;1092000;19231000
CLPR962;39452000;66000;38028000;;1653000;105000;579000
CLPR963;55916000;319000;37081000;12000;0;35000;5609000
CLPR964;107037000;3225000;37645000;328000;34605000;81000;48043000
CLPR965;33615000;397000;11631000;3936000;9341000;1968000;21984000
CLPR966;155552000;758000;147758000;9236000;0;0;398000
CLPR967;9450000;58000;1990000;4330000;38029000;2016000;6931000
CLPR968;60105000;744000;41724000;767000;49413000;347000;10667000
CLPR969;31962000;2952000;19699000;1818000;32163000;370000;11429000
CLPR970;5960000;511000;-4005000;343000;21544000;145000;9965000
CLPR971;210723000;189000;53137000;24078000;53423000;0;157586000
CLPR972;11854000;637000;8051000;;7443000;509000;3470000
CLPR973;17665000;654000;13918000;7820000;0;647000;3747000
CLPR974;62648000;3067000;48312000;9719000;35800000;95000;14306000
CLPR975;29517000;371000;15172000;5893000;36438000;0;7819000
CLPR976;6844000;0;2813000;3209000;0;0;4031000
CLPR977;7997000;203000;2961000;;6807000;0;5036000
CLPR978;5691000;427000;4390000;2979000;24394000;238000;1301000
CLPR979;826000;354000;433000;84000;4898000;25000;393000
CLPR980;29558000;337000;25925000;5552000;31699000;57000;3633000
CLPR981;34240000;1537000;26779000;3897000;32866000;2898000;7461000
CLPR982;18039000;303000;16120000;2185000;72552000;1175000;1919000
CLPR983;156404000;14000;116311000;1788000;51370000;64000;26272000
CLPR984;26611000;848000;5221000;19768000;59942000;0;21390000
CLPR985;127274000;0;25447000;100000;5746000;11431000;43395000
CLPR986;55916000;319000;37081000;12000;0;35000;5609000
CLPR987;27514000;30000;15551000;15501000;44623000;0;11963000
CLPR988;13954000;1340000;5027000;4162000;10917000;42000;8927000
CLPR989;36257000;1000;10222000;11095000;56493000;0;25831000
CLPR990;43048000;835000;35371000;527000;0;136000;2600000
CLPR991;279099000;121000;211300000;79997000;4716000;2626000;29034000
CLPR992;30890000;45000;22970000;9695000;24325000;12000;6735000
CLPR993;87899000;396000;55290000;2710000;0;2234000;15178000
CLPR994;409633000;53000;62038000;277000;0;0;9867000
CLPR995;30810000;658000;25709000;3829000;17572000;103000;4115000
CLPR996;27001000;13000;12248000;296000;25865000;0;14753000
CLPR997;11986000;144000;6093000;2392000;15139000;2705000;5893000
CLPR998;13008000;665000;6698000;970000;6660000;0;3405000
CLPR999;36368000;1227000;8091000;3277000;18706000;0;4964000
